word,hint,sort_order
лигнит,,1
сердар,,2
трскар,,3
спавач,,4
видрин,,5
врцати,,6
влачар,,7
сервис,,8
списак,,9
ђешђир,,10
превео,,11
колето,,12
повећи,,13
младић,,14
рудаст,,15
хрчков,,16
умиран,,17
калцан,,18
кључни,,19
дрндав,,20
лежећи,,22
купити,,23
сотона,,24
титрав,,25
санети,,26
анилин,,27
блесав,,28
масакр,,29
лавабо,,30
хамада,,31
цинкер,,33
прести,,34
тунара,,36
телећи,,37
шантав,,38
фротир,,40
курвар,,41
вдасат,,42
синчић,,43
раглан,,44
шакаст,,45
погнут,,46
сомчић,,47
глогић,,48
сличан,,49
делити,,50
џомбав,,51
особен,,52
крњаво,,53
назути,,54
уморан,,55
цвикер,,56
штитић,,57
звечац,,59
кончан,,60
подвик,,61
клиско,,62
десети,,63
ксенон,,64
лолати,,65
сретан,,67
пепита,,69
ризоид,,70
губити,,71
вртлар,,72
гумаст,,73
цикати,,74
сироче,,75
козлац,,77
фрљати,,78
ручник,,79
мечати,,80
шиштав,,81
гласит,,82
грињав,,83
унисон,,84
смртан,,85
крзнар,,86
креаол,,87
етички,,88
онакав,,89
злурад,,90
фарбар,,91
скочан,,92
кротак,,93
опасач,,94
кнежић,,95
котлет,,96
дренов,,97
перчин,,98
грашак,,99
премор,,100
ткивни,,101
обамро,,103
цупкав,,104
рефрен,,105
угибао,,106
белити,,107
лечити,,108
дебакл,,110
торбар,,111
аматер,,112
гњатић,,113
плбван,,114
тишати,,115
линета,,117
штапац,,119
амнион,,120
вољети,,121
псетар,,122
тераца,,123
девати,,124
митити,,125
чистка,,127
трнути,,128
брокат,,130
занети,,131
лацман,,133
грчати,,134
шмокља,,135
дралон,,136
сраман,,137
славан,,138
облити,,139
фосфат,,140
цигура,,141
просац,,143
грахов,,144
кидљив,,146
љуспав,,147
палити,,148
устока,,149
севдах,,150
џакати,,151
дефиле,,152
пурити,,153
смотак,,154
врстан,,156
гласни,,157
гадост,,158
омотач,,159
купажа,,160
словен,,161
смоков,,162
зможни,,163
портал,,165
бакута,,166
сукљав,,167
сламен,,168
кожаст,,169
наћвар,,170
литица,,171
браник,,172
дводом,,174
канкан,,175
укупан,,176
надути,,177
робити,,179
уорити,,180
ткачки,,181
листић,,182
савити,,183
убуђао,,184
брснат,,185
хрипав,,186
почути,,187
крагуљ,,188
епител,,189
мркаст,,190
риљати,,191
трунић,,192
госпар,,193
труљав,,194
екавац,,196
сиваст,,198
обрнут,,199
банкет,,200
ђаурче,,201
сводан,,202
затрка,,203
жиласт,,204
куглат,,205
стрвен,,206
сквика,,207
таблет,,208
муфљуз,,209
потећи,,210
чамчић,,211
одузет,,213
брадат,,215
изнети,,216
етажни,,217
чворић,,218
водњав,,219
ђорати,,220
згурен,,222
ћушнут,,223
полећи,,225
гарити,,227
омести,,228
пушара,,229
коксни,,230
крзнен,,231
трснат,,232
крушан,,233
чежњив,,235
опозит,,236
царист,,237
топљив,,238
гепити,,239
дрхтур,,243
клесар,,244
трпљив,,245
гибати,,246
шмекер,,247
парљак,,249
лисаст,,250
тигрић,,252
грађен,,253
зането,,254
труњав,,255
чађаст,,256
креста,,257
билтен,,258
црпало,,260
звоник,,261
огртач,,262
прилаз,,263
гутати,,264
тучити,,265
говњив,,266
зачмао,,267
бухара,,268
стубни,,269
котлић,,270
суобао,,271
перлон,,272
кљакав,,274
миљети,,275
суљати,,277
мечкар,,278
пуцкав,,279
псикав,,280
лужнат,,281
џентри,,282
недраг,,283
белоња,,284
иметак,,286
гадљив,,287
плафон,,288
кринка,,289
зобити,,290
ихтиол,,291
задати,,292
рептил,,294
картеч,,295
бапски,,296
гурман,,297
борбен,,298
жудети,,299
ресати,,300
уписан,,301
врућац,,302
торбак,,303
прасац,,304
индиго,,305
врашки,,306
устући,,307
аксиом,,308
сански,,309
емисар,,310
оружан,,311
лађаст,,312
диктат,,313
сатљик,,314
говнав,,315
шлепар,,316
чмарни,,317
рескир,,318
турити,,319
рожнат,,320
префин,,322
туцати,,323
ацетон,,324
стреха,,325
потрти,,326
аскеза,,327
бравић,,328
дрењах,,329
блесан,,332
горљак,,333
зверка,,334
тузлак,,335
неолит,,336
воштан,,337
глогов,,338
ударни,,339
милити,,340
влатак,,341
вребач,,342
купаст,,343
србити,,345
слабић,,346
љуљкав,,347
мортус,,348
бискуп,,349
цвасти,,350
азотни,,351
глупак,,352
никлен,,354
оголео,,355
хордаш,,356
трахом,,357
лукаст,,358
самсов,,359
иколик,,361
тричав,,362
бундов,,363
нитков,,364
дубити,,365
стажер,,366
витост,,367
кружан,,368
уљудан,,369
икакав,,370
нераст,,371
сасећи,,372
међник,,373
смутан,,374
порити,,375
обртан,,376
дрозак,,378
остали,,379
чуњаст,,380
висити,,381
ступац,,382
кривац,,383
седмак,,384
скупни,,385
шкопац,,386
двогрб,,387
удовац,,388
кабаст,,389
грудав,,390
пузити,,391
нарвал,,393
муцати,,394
уранит,,395
мркост,,396
голити,,397
хропот,,398
качити,,399
блеђан,,400
димаст,,402
облина,,403
дињаст,,404
губати,,405
луткар,,408
сепаре,,409
лудост,,410
сумица,,411
звонко,,413
токата,,414
стасић,,415
мочити,,416
сопран,,417
галион,,418
сивуља,,419
плоска,,420
текући,,421
упоран,,423
сивоћа,,424
мудрац,,425
резити,,426
бомбон,,427
сирити,,428
голцат,,429
немали,,430
васцео,,431
бикини,,432
жацати,,433
србљак,,434
бошњак,,436
казеин,,437
колера,,438
ступић,,439
врчати,,440
пипати,,441
премоћ,,442
гађати,,443
диспут,,444
клизач,,445
ранити,,446
црпити,,447
пољски,,448
опушак,,450
шушњат,,451
вирити,,452
звучан,,453
понеки,,454
аполон,,458
умести,,459
смркао,,460
кривуљ,,461
крашко,,462
лактат,,464
зборни,,465
дракон,,466
канабе,,467
потући,,468
либити,,469
алегро,,470
прегор,,471
ласаст,,472
дожети,,473
погуст,,474
засека,,475
мањити,,476
свибањ,,478
знатан,,479
космат,,480
глинац,,481
кордон,,482
поузан,,483
спољни,,484
навала,,485
тритон,,486
смирен,,487
римски,,488
грбаст,,491
омален,,492
порнић,,493
сивост,,494
шушаст,,495
баскет,,496
самоук,,497
спужва,,498
колњак,,499
клозет,,500
примат,,502
отрцан,,503
тинтан,,504
официр,,506
шункаш,,507
бантам,,508
добити,,509
трапав,,510
мушкат,,511
обилат,,513
ебанов,,514
отужан,,515
воскар,,517
душњак,,518
норман,,519
балсам,,520
сукнар,,521
цвоњак,,522
вентил,,523
трачак,,524
мадрац,,525
кедров,,526
тужити,,527
прхати,,529
ситача,,530
шестак,,531
умокац,,532
ферман,,533
лазити,,534
покост,,535
сурина,,536
позван,,538
штрљак,,539
афелни,,540
заспао,,542
клонуо,,543
водити,,544
учеван,,546
блудан,,547
љескав,,548
ћутљив,,549
кредни,,550
тисући,,552
трошан,,553
карташ,,554
глобар,,555
скобаљ,,556
обућар,,557
фељтон,,558
каруце,,559
добрац,,560
морион,,561
разићи,,562
тмушан,,563
цветар,,564
вргаст,,565
трубач,,566
младар,,567
папски,,568
троред,,570
рвачки,,572
важити,,573
сашрши,,574
слапић,,575
дублер,,577
припит,,578
гњатни,,579
млачан,,580
храбар,,582
гетски,,584
сирило,,585
тепати,,586
пилинг,,588
увучен,,589
небрат,,590
сипити,,591
умирба,,592
пртити,,593
уздати,,594
глинен,,595
вандал,,596
будући,,598
аикидо,,599
поучан,,600
вешчић,,601
нафтар,,602
дуљати,,603
анодни,,604
древан,,605
претих,,606
свилар,,607
сустао,,608
урочак,,609
рабити,,611
бренце,,612
сингав,,613
промпт,,614
ацетат,,616
чешљач,,618
описни,,619
лумпач,,620
корњаш,,621
сабљар,,622
хлађан,,624
слоган,,625
хуктав,,626
громор,,627
ударач,,628
плести,,629
шушњар,,630
мазало,,631
молити,,632
лењост,,633
табуре,,634
смаљив,,636
утажив,,637
дидити,,640
утикач,,641
вишњак,,642
притуп,,643
ваљати,,644
подлац,,645
изотоп,,646
рожаст,,647
плакар,,648
егоист,,649
нагнут,,650
цакати,,651
понети,,652
бодљав,,653
отоман,,654
чатити,,655
мрдати,,656
кланац,,657
равњач,,658
дроњар,,659
сувача,,660
уљески,,661
фиксир,,662
урмени,,663
патити,,664
морити,,665
мормон,,666
међити,,668
кровар,,669
нервни,,670
добрић,,671
удолит,,672
ковина,,673
брбљав,,675
црпсти,,676
пастор,,677
картар,,679
фургон,,680
тефлон,,681
тићити,,682
кораст,,683
какаду,,684
похара,,685
мантил,,686
пандур,,687
уважен,,688
златан,,689
пропух,,690
верзал,,692
подати,,693
жоржет,,694
ситост,,695
усиљен,,696
намена,,697
врљати,,698
вадити,,699
пелена,,700
брусић,,701
уранов,,702
брисач,,703
лагити,,704
трскан,,705
бучати,,706
укопни,,707
клицав,,709
кваран,,710
еталон,,711
кудрав,,712
грифон,,713
напољу,,714
квасац,,715
бомбаш,,716
гмизав,,717
суосећ,,718
сливни,,719
рисаст,,720
двиска,,721
хридан,,722
кречав,,723
барбар,,724
крштен,,725
бензол,,726
присан,,727
штапче,,729
усудан,,730
чаркар,,731
ђердан,,732
графит,,733
катрен,,736
чворак,,737
фирнис,,738
откати,,739
отимач,,740
плесна,,741
кривач,,742
упаљач,,743
кочина,,744
свињац,,746
пупити,,747
уванце,,748
припис,,749
клецав,,751
шицати,,753
клисар,,754
билион,,756
циклон,,757
мануал,,759
ивичнц,,760
лежиља,,761
чикати,,763
трезно,,764
усељив,,765
пераћи,,766
реноме,,767
зрикав,,768
пребео,,769
умност,,770
бански,,771
оружар,,772
пробни,,773
вашљив,,774
ритати,,775
комуша,,776
вимени,,778
гристи,,779
истући,,780
џепчић,,781
врисак,,782
таптав,,783
амулет,,784
упасти,,786
кардан,,787
пецкав,,788
турмар,,789
турнир,,790
бусара,,791
мучила,,792
омркао,,793
умољив,,794
орбита,,795
боракс,,796
смлети,,798
чистац,,799
одрећи,,800
домаћи,,802
стршав,,803
бромов,,804
боцкав,,805
чабрић,,806
профет,,807
чилост,,808
садрут,,809
авизни,,810
бркоња,,811
чукати,,813
димљив,,814
троног,,815
гробни,,816
рисати,,817
клавир,,818
цртани,,819
космос,,820
прснуо,,821
врелце,,822
удобан,,823
фланел,,824
збирни,,825
мазгар,,826
кисити,,827
гуштак,,828
окидач,,829
милион,,830
стезач,,831
рудина,,832
зуцати,,833
трупни,,834
символ,,835
цинков,,836
тупити,,837
свитак,,838
тарифа,,839
крилат,,840
слуган,,841
врскав,,842
оштрач,,844
упртач,,845
потпун,,847
четити,,849
тискар,,850
фонема,,851
џапати,,852
премек,,853
пажљив,,854
листаш,,855
црњети,,856
ђонити,,857
карниз,,858
унучки,,859
харпун,,860
глежањ,,862
овакав,,863
ћудљив,,864
зекаст,,865
молбен,,866
класан,,867
пектин,,868
безреп,,870
лимфни,,871
стихар,,872
леуком,,873
солдат,,874
мерица,,875
доиста,,876
разлаз,,877
тртаст,,878
безрук,,879
журљив,,880
вишњик,,881
опсећи,,882
трлити,,883
штагаљ,,884
отисак,,886
сурово,,887
плаван,,888
класни,,889
зденац,,890
трутов,,891
одмоћи,,892
лудети,,893
фибром,,894
пропао,,895
бадљав,,896
матроз,,897
жаргон,,898
кушати,,899
риђаст,,900
кључар,,901
трефов,,902
сложив,,903
кокаин,,904
замрћи,,906
обарач,,907
припев,,908
траљав,,909
мастан,,910
илирац,,911
мрвити,,912
влачни,,913
хулити,,914
лакташ,,916
лигнин,,917
травар,,918
укивач,,919
господ,,920
спанаћ,,921
наиван,,922
плодов,,923
усукан,,925
корити,,926
примач,,927
одвити,,928
парити,,929
менхир,,930
плитак,,931
рагаст,,932
вакела,,933
љускаш,,934
пастув,,935
лавица,,936
ступањ,,939
керећи,,941
донети,,942
телекс,,943
славен,,944
сливен,,945
прелак,,946
герила,,947
паушал,,948
наранч,,949
котлац,,950
ђувече,,951
надати,,952
угађач,,953
ђипити,,954
фрцати,,955
купљив,,957
носоња,,958
луцнут,,959
абажур,,960
ураган,,961
тонски,,962
шкргут,,963
точити,,964
брбљив,,965
тркаћи,,966
чистач,,967
мерино,,968
моткаш,,969
палмин,,970
шушњав,,971
товник,,972
љускав,,973
стазни,,974
монден,,975
трсков,,976
ударен,,977
чељаде,,978
српски,,979
емпора,,980
монстр,,981
шкиљав,,982
штаваљ,,983
тмушав,,984
кљунаш,,985
сампан,,986
кармин,,987
пишати,,988
желети,,989
држати,,990
гласић,,992
кондак,,993
дивљак,,994
дречав,,995
бленто,,996
схемат,,997
уздићи,,999
жутити,,1000
ђикати,,1001
цепити,,1003
надићи,,1004
метеор,,1005
упућен,,1007
градни,,1008
леност,,1009
коверт,,1010
домити,,1011
шахиња,,1012
гудрон,,1013
злобив,,1014
сумлак,,1015
стерео,,1016
китаст,,1017
кудров,,1018
побећи,,1019
благун,,1020
ћапити,,1021
тлоцрт,,1022
боксит,,1023
крпати,,1024
пупаст,,1025
жарећи,,1026
перика,,1027
пусник,,1028
регион,,1030
дробан,,1031
мартир,,1032
прбпањ,,1033
гранат,,1035
турски,,1036
галица,,1037
храњив,,1038
бушаћи,,1039
жличар,,1041
тмичан,,1042
ловити,,1045
школац,,1046
ноктић,,1047
кретон,,1048
бригеш,,1049
убирач,,1050
штурак,,1051
скучен,,1052
хитати,,1053
сложен,,1054
секташ,,1055
станак,,1056
женско,,1057
трчати,,1059
крчмар,,1061
брзати,,1062
герман,,1063
давати,,1064
драчев,,1065
лепеза,,1066
пузати,,1067
ерудит,,1068
бурити,,1069
хидрат,,1071
пљусак,,1072
кремен,,1073
папити,,1076
ригати,,1077
додати,,1078
газити,,1079
племић,,1080
добран,,1081
кошчев,,1083
одсећи,,1084
увезак,,1085
ватраљ,,1086
бангав,,1087
смрзло,,1088
врљаво,,1089
мучити,,1090
курзив,,1091
фрулар,,1092
торити,,1094
гламур,,1095
дроњак,,1096
сивина,,1097
ћемане,,1098
бедаст,,1099
крижић,,1100
белцат,,1101
корнер,,1102
престо,,1103
помоћи,,1104
понова,,1105
митинг,,1106
чвркац,,1107
лужњак,,1108
ђурђиц,,1109
профит,,1110
церити,,1111
крњити,,1112
мравак,,1113
гунђав,,1114
курбан,,1115
костим,,1116
коњчић,,1117
вранче,,1118
карбол,,1119
бесник,,1120
пчелац,,1121
линеал,,1123
шаптав,,1124
ницати,,1125
лискун,,1127
кошчат,,1128
крепко,,1129
пампур,,1131
дрљало,,1132
крунац,,1133
немушт,,1134
бенаст,,1136
крвник,,1137
жиголо,,1138
ужитак,,1139
рмбати,,1140
звонак,,1141
фимоза,,1142
млитав,,1143
камиљи,,1146
угасли,,1147
зооген,,1148
жврљав,,1149
ранчер,,1150
хватач,,1151
ћушити,,1152
утужив,,1153
прегаљ,,1156
мостар,,1157
режнић,,1158
циглар,,1159
свитер,,1160
карбит,,1161
косник,,1162
милоок,,1163
китити,,1165
издати,,1166
гробар,,1167
еридин,,1168
калвин,,1169
утучен,,1170
мистик,,1171
зечица,,1172
болник,,1174
трагед,,1175
биланс,,1176
укочен,,1177
крижак,,1179
црника,,1182
патика,,1183
ноћити,,1184
вртљив,,1185
шипраг,,1186
пењоар,,1187
капати,,1188
силити,,1189
толити,,1190
дивити,,1191
ћарити,,1192
кафеин,,1193
патрон,,1194
ковати,,1195
мелиса,,1196
прутић,,1197
смотан,,1198
бацати,,1199
редати,,1201
мермер,,1202
муслин,,1203
сулфат,,1204
смрчев,,1205
милети,,1206
истаћи,,1207
зекуља,,1208
барбун,,1209
наврат,,1210
срндаћ,,1211
чупати,,1212
датост,,1213
ситити,,1214
трачер,,1215
урочан,,1216
врачар,,1217
плесни,,1219
крпити,,1220
трусак,,1221
медити,,1222
ручати,,1223
тандем,,1224
класат,,1225
дупљар,,1226
говнар,,1227
еритем,,1228
штакор,,1229
двоауб,,1230
отанак,,1231
одмаћи,,1232
регрут,,1233
листар,,1234
каблар,,1235
накосо,,1237
мрзост,,1239
сагнуо,,1240
лончар,,1241
красан,,1242
плесан,,1244
циглан,,1245
буљина,,1246
густин,,1247
кумати,,1248
жерава,,1249
витраж,,1250
џезист,,1251
ћакнут,,1252
оверач,,1253
циктав,,1254
шераса,,1255
тарана,,1259
блажен,,1260
слетни,,1262
свињар,,1263
горски,,1264
сатрти,,1265
брањив,,1266
упрети,,1267
буквић,,1269
риђуша,,1270
дахтав,,1271
галити,,1273
опрати,,1274
просен,,1275
куверт,,1276
неурон,,1278
писмен,,1279
неслан,,1281
сироти,,1282
шутоња,,1283
крупан,,1284
лаички,,1285
бочити,,1286
мразић,,1287
немати,,1288
пардон,,1289
пикати,,1290
лужаст,,1291
творац,,1295
смрчак,,1296
пуцати,,1297
дроњав,,1298
тимпан,,1299
земљак,,1300
грокбт,,1301
плурал,,1302
трахнт,,1303
свекар,,1304
стрнат,,1306
дудаст,,1307
клизак,,1308
готски,,1309
штофан,,1310
посути,,1311
месити,,1312
укидач,,1313
мањкав,,1314
борати,,1315
китара,,1316
радљив,,1317
згодан,,1318
узмаћи,,1319
злехуд,,1321
улагач,,1322
слузав,,1323
мукоид,,1324
паспул,,1325
длакав,,1326
злохуд,,1328
ласкав,,1329
вирман,,1331
сухоћа,,1332
чврсто,,1333
весник,,1334
споран,,1335
звонце,,1336
цркнут,,1337
наклон,,1339
марабу,,1340
цуцати,,1341
висост,,1342
виласт,,1344
слонче,,1346
стубић,,1348
трести,,1349
имућан,,1350
незван,,1351
фискус,,1352
рибаћи,,1353
шампон,,1354
опитни,,1355
статут,,1356
маглен,,1358
цимати,,1359
цревар,,1360
грчити,,1361
питати,,1362
ждерав,,1364
трунак,,1365
кљунак,,1366
шљокар,,1367
циљано,,1368
власић,,1369
грудат,,1371
шуштав,,1372
ембрио,,1373
диедар,,1374
чаршав,,1375
презао,,1377
кожнат,,1378
чађити,,1379
прошли,,1380
стубац,,1381
ћурлин,,1382
срдити,,1383
тресав,,1384
ломити,,1385
укусан,,1386
крмчић,,1387
влажан,,1388
сточар,,1389
будоар,,1390
стожић,,1391
дркати,,1393
замера,,1394
шаблон,,1395
етолог,,1396
милост,,1398
носити,,1399
заумље,,1400
гуцати,,1401
нафтбл,,1403
бризак,,1405
алпски,,1406
мутљаг,,1407
мрљаво,,1408
крзати,,1409
крзнат,,1410
кључић,,1411
ажуран,,1412
громби,,1413
каблић,,1414
датула,,1415
часити,,1416
тлачни,,1417
свиреп,,1419
култни,,1420
сточан,,1421
магнат,,1423
земљив,,1424
котлар,,1425
чипкан,,1426
трозуб,,1427
бубњић,,1428
зезати,,1429
кржљав,,1430
насухо,,1431
мездра,,1432
цокити,,1433
злобан,,1434
дурити,,1435
грлити,,1437
лаћати,,1438
добраш,,1439
порфир,,1441
урвина,,1442
лањски,,1445
цицеро,,1446
копати,,1447
кречан,,1448
чамити,,1450
омиљен,,1451
брњаст,,1452
рунаст,,1453
топлик,,1455
сметен,,1456
орахов,,1457
злоћуд,,1458
тукнут,,1460
дорски,,1461
отпити,,1462
глачар,,1464
лосион,,1465
анасон,,1469
етажер,,1471
шушкав,,1472
трибун,,1473
бордел,,1475
режнат,,1476
снопић,,1477
пиџама,,1478
фалити,,1479
мангуп,,1480
хереза,,1482
аловит,,1483
крилно,,1484
пувало,,1485
кликун,,1487
масник,,1488
бостон,,1489
цаклен,,1490
пиксла,,1491
мандат,,1492
частан,,1493
окорео,,1494
крепао,,1495
врнути,,1496
вратар,,1497
проток,,1498
двогод,,1499
ретина,,1500
уметак,,1502
кошљив,,1503
утврда,,1504
спасти,,1505
буљоок,,1507
веруга,,1508
црвати,,1509
локвањ,,1510
ханџар,,1511
шкембо,,1512
обртач,,1513
жедник,,1514
цмокац,,1515
оврећи,,1516
навући,,1517
зебљив,,1518
смолав,,1519
естуар,,1520
опнаст,,1521
вигвам,,1522
климав,,1524
мандал,,1525
безбрк,,1526
дивски,,1528
меснат,,1529
грмаст,,1530
петори,,1531
котити,,1532
гуштпк,,1533
суводо,,1534
кркљав,,1535
бабаст,,1536
главић,,1537
крстић,,1538
зезнут,,1539
хумчић,,1540
трезор,,1541
дефтер,,1542
садити,,1543
клерик,,1544
раздео,,1545
жуљати,,1546
умусти,,1547
пакост,,1550
обоист,,1551
безног,,1552
назрео,,1553
крезав,,1555
даност,,1556
угнати,,1558
мрваст,,1559
незрео,,1560
штапин,,1562
кримић,,1563
ландов,,1564
пуница,,1565
претио,,1566
зукати,,1567
жесток,,1568
доспео,,1569
сигнал,,1570
профил,,1571
кленик,,1572
метати,,1573
шврћко,,1574
ћубаст,,1575
уждити,,1576
затрти,,1577
крилце,,1579
паклен,,1580
звечак,,1581
ментал,,1582
падати,,1583
кљунић,,1585
кулоар,,1586
дентал,,1587
ревати,,1589
дршчић,,1590
руксак,,1591
дурски,,1592
помњив,,1593
агилно,,1594
венчић,,1595
боцаст,,1596
солити,,1598
грашац,,1600
роснат,,1601
пењати,,1602
кужити,,1603
старац,,1604
зарђао,,1605
чвокац,,1606
ридати,,1607
шмокљо,,1611
тринав,,1612
меркур,,1613
сузити,,1614
тежити,,1615
вулкан,,1616
епичан,,1618
грнчар,,1619
варљив,,1621
платив,,1622
заклет,,1623
дублет,,1624
грабић,,1625
скитња,,1626
словак,,1627
драчав,,1628
грбити,,1629
драгуљ,,1630
скитач,,1631
нагњио,,1632
срећко,,1633
крњаст,,1635
ракита,,1636
кишљив,,1637
гањати,,1638
прелат,,1640
комити,,1641
пловка,,1642
крсташ,,1643
бакрен,,1644
кантон,,1646
везиља,,1647
стамен,,1648
статуа,,1649
ушенац,,1650
грофић,,1651
мишаст,,1652
вреоце,,1654
бромат,,1657
крцати,,1658
утерус,,1659
групни,,1660
фрљити,,1661
двоврх,,1662
особит,,1663
чехати,,1665
агилан,,1668
жуљити,,1669
бербер,,1670
рабљив,,1671
поспан,,1672
срмени,,1673
буцати,,1676
хорист,,1677
мангал,,1678
помати,,1679
пиљити,,1680
часком,,1681
вишњев,,1682
хабати,,1683
арњеви,,1684
шмрцав,,1685
изести,,1686
луксуз,,1687
долнар,,1688
росити,,1689
уљаник,,1690
медаст,,1691
блефер,,1692
бензен,,1693
тророг,,1694
већати,,1695
крцкав,,1696
класић,,1697
надмоћ,,1698
хрлити,,1699
ђаурка,,1700
вршити,,1701
смлата,,1703
цртати,,1705
трупић,,1706
хетера,,1707
жижљив,,1708
снимак,,1709
бранич,,1710
буквар,,1712
дужати,,1713
грешић,,1714
милота,,1715
момчић,,1716
замаћи,,1717
спутан,,1718
ледити,,1719
црепан,,1720
вунаст,,1722
ампула,,1723
предњи,,1724
кобрач,,1725
цедило,,1726
циркон,,1728
трсити,,1729
утољив,,1730
кљунар,,1731
њемоћа,,1732
кудити,,1733
профан,,1734
рекорд,,1735
плавац,,1736
кошмар,,1737
хртица,,1738
скањив,,1739
манути,,1740
дружић,,1741
помлад,,1742
аласки,,1743
тупаст,,1744
вртети,,1745
зинути,,1746
творан,,1747
чичкав,,1748
комика,,1749
зрачак,,1750
храпав,,1751
крушац,,1752
тегљач,,1753
лампек,,1754
пепсин,,1755
срндак,,1756
прапор,,1758
рапсод,,1759
драмат,,1760
писаћи,,1761
разина,,1762
видски,,1763
пралик,,1764
лантан,,1765
трећак,,1766
овалан,,1767
бистро,,1769
штапић,,1770
чанчар,,1771
шљокав,,1773
опрост,,1774
режњић,,1776
сухача,,1777
деиаам,,1778
сатара,,1779
емират,,1780
путаст,,1782
дворед,,1783
испрва,,1784
храчак,,1785
круњач,,1786
свилен,,1787
угљени,,1788
вељача,,1789
стухаћ,,1790
кризни,,1791
химбен,,1792
пржити,,1793
ступак,,1795
шараст,,1796
трунка,,1797
удаљен,,1799
помаћи,,1800
издићи,,1801
кретен,,1802
вучика,,1803
кратки,,1804
мотати,,1805
тоцило,,1806
гљивин,,1807
дворог,,1808
фуцати,,1809
ћушати,,1810
ритуал,,1811
смешак,,1812
напући,,1813
чудити,,1814
узалуд,,1816
жицати,,1817
мртвац,,1818
збркан,,1819
режати,,1820
франак,,1821
осоран,,1822
вражић,,1823
трупач,,1824
збуњив,,1825
неимар,,1826
комфор,,1827
винаст,,1828
селски,,1829
каритм,,1830
монарх,,1831
планер,,1833
панцир,,1834
кукуља,,1835
олован,,1836
дрндар,,1837
словце,,1839
дирљив,,1840
оронуо,,1841
жутети,,1842
минули,,1843
клепац,,1846
креауб,,1847
омаман,,1848
правни,,1849
угодан,,1851
рижото,,1852
базало,,1854
врстач,,1855
каприц,,1856
бувљак,,1858
лорњон,,1859
тепљив,,1860
хормон,,1862
погром,,1863
биљчин,,1864
кмекав,,1865
смрчин,,1866
хитити,,1867
нитрат,,1868
бебаст,,1869
угасит,,1870
врљоок,,1872
бувљив,,1873
клеков,,1874
изрећи,,1875
зукара,,1876
таблић,,1877
жбунић,,1878
прамац,,1879
ахнути,,1880
подбуо,,1882
подужи,,1883
жалити,,1884
утирач,,1885
драгун,,1886
чергар,,1888
шљунак,,1891
ловчев,,1892
виртуо,,1893
трасат,,1894
цедити,,1895
басати,,1896
стрман,,1897
формат,,1898
љуљаво,,1899
гиздав,,1900
напити,,1902
шалчић,,1903
грабик,,1904
читљив,,1905
пресит,,1906
бауљав,,1907
успара,,1908
одржив,,1909
целцат,,1910
долине,,1911
лењити,,1912
припон,,1913
увенце,,1914
гукаст,,1915
печити,,1916
врцкав,,1917
крепак,,1918
седити,,1919
врапче,,1920
сходан,,1921
чупаст,,1922
брежић,,1923
наопак,,1924
лишити,,1925
грешан,,1926
челист,,1927
тубаст,,1928
рочити,,1930
нацист,,1931
седати,,1932
уметач,,1933
важећи,,1934
закрет,,1935
уврнут,,1936
глобал,,1937
филтар,,1938
развоз,,1939
мостић,,1940
лечник,,1941
лираст,,1942
коштац,,1943
тектон,,1945
навићи,,1946
бренди,,1947
рескав,,1948
збуњен,,1950
плачан,,1951
жижити,,1952
понтон,,1953
тупост,,1955
целити,,1956
срести,,1957
туњкав,,1958
жучљив,,1960
фуруна,,1961
тажити,,1962
бољети,,1963
лакомо,,1964
калкан,,1965
каћуша,,1966
бокаст,,1967
чвбран,,1968
колхоз,,1969
огрљак,,1970
лисиче,,1971
обиман,,1972
узорит,,1973
живцат,,1974
ложити,,1975
фараон,,1976
тоњати,,1977
бљутав,,1978
цинчан,,1979
тиркиз,,1980
кречар,,1981
жгебав,,1983
блатан,,1984
либаде,,1985
солара,,1986
чворав,,1987
нанети,,1988
срнаст,,1989
атаман,,1990
кнезов,,1991
тактни,,1992
опшити,,1994
пивски,,1995
шаптач,,1996
имовни,,1997
уимати,,1998
плетер,,1999
бонтон,,2001
сумњив,,2002
крављи,,2003
грушав,,2004
бармен,,2005
тваран,,2006
квасан,,2007
пивара,,2008
циглен,,2009
вуцати,,2010
помањи,,2011
безнос,,2012
томити,,2013
двопер,,2014
штитац,,2015
уњкати,,2016
мучати,,2017
прељут,,2018
научан,,2019
брчкав,,2020
усирак,,2021
чашаст,,2022
блатав,,2024
кушљав,,2026
елитан,,2027
сокаче,,2029
звекир,,2030
сисати,,2033
рогљаш,,2034
гузити,,2035
нокшир,,2036
зашрши,,2037
насећи,,2039
детлић,,2040
етерни,,2041
азотов,,2042
кидати,,2043
слинав,,2044
гуњчић,,2046
веслач,,2048
муљити,,2049
потоњи,,2050
теорба,,2051
крижач,,2052
усрдан,,2053
курсни,,2054
алемов,,2055
камфор,,2057
туњара,,2058
извући,,2059
бодљив,,2060
нахеро,,2061
тморан,,2062
сутоњи,,2063
увенуо,,2064
куглоф,,2065
домали,,2066
микрдб,,2067
мазгић,,2068
свемоћ,,2069
лишћар,,2070
боксач,,2071
фармер,,2072
прозни,,2073
бусати,,2074
папати,,2075
ћопати,,2076
портир,,2077
балити,,2078
говече,,2079
филџан,,2080
сабљаш,,2081
злорек,,2083
врутак,,2084
умилан,,2085
цврчак,,2086
румено,,2087
оџачар,,2088
пупати,,2089
рококо,,2090
папрен,,2091
наособ,,2092
шалица,,2093
област,,2095
клепач,,2096
ћутило,,2097
кабаре,,2098
лепити,,2099
нежења,,2100
турбан,,2101
кучкин,,2102
натећи,,2104
пожети,,2105
ронити,,2106
бензин,,2108
пужаст,,2109
послић,,2112
доксат,,2113
плићак,,2115
сензал,,2117
успети,,2118
накана,,2119
прекоп,,2120
епигон,,2121
шипков,,2122
тишлер,,2123
жвалав,,2124
брачни,,2129
зембил,,2130
попити,,2131
емфаза,,2132
набран,,2133
мегдан,,2134
крекет,,2135
сврдао,,2137
свечар,,2138
клизни,,2139
жутњак,,2140
вежбач,,2141
разбор,,2142
бандит,,2143
млохав,,2144
подмет,,2145
отупео,,2147
тефтер,,2148
кавана,,2149
корпар,,2150
такмац,,2151
генски,,2152
цурити,,2153
сисаст,,2154
бацити,,2156
токсин,,2159
шкрбав,,2160
удесан,,2161
млазни,,2162
стасит,,2163
немоћа,,2164
диздар,,2165
годити,,2166
морски,,2167
упитни,,2168
мразан,,2169
критик,,2170
слагач,,2171
модруљ,,2172
губаст,,2173
уплата,,2174
блавор,,2175
видљив,,2176
метлар,,2177
царски,,2178
научни,,2179
крижар,,2180
смисао,,2181
тонути,,2182
брусар,,2183
штенце,,2184
трогод,,2185
типски,,2186
алтист,,2187
ужасан,,2188
анкета,,2189
смести,,2191
увитак,,2192
мрсити,,2193
стрван,,2194
икавац,,2195
црвљив,,2196
препек,,2197
рундав,,2198
српаст,,2199
тешкаш,,2200
прцати,,2201
власац,,2203
патник,,2204
хрскав,,2205
кричав,,2206
рашити,,2207
дошљак,,2208
чинити,,2209
окулар,,2210
раскош,,2211
опруга,,2212
атички,,2213
брављи,,2214
ритски,,2215
коњски,,2216
екипаж,,2217
крецав,,2218
даскаш,,2219
стењак,,2220
тврђан,,2221
сумеса,,2222
плодан,,2223
лужник,,2224
затећи,,2225
укрцни,,2226
ехолот,,2229
бински,,2230
пловак,,2231
сродан,,2232
млазић,,2234
пискав,,2236
меланж,,2237
гонити,,2238
кошћел,,2239
хмељар,,2241
мазгов,,2242
дрхтав,,2243
прстат,,2244
обичан,,2245
пузаћи,,2246
шкембе,,2247
коруба,,2248
ситниш,,2249
честар,,2250
свршен,,2251
балкан,,2252
монсун,,2253
повиши,,2254
увешце,,2255
ловина,,2257
штетан,,2258
димити,,2259
бездан,,2260
лоптин,,2261
потврд,,2263
жигица,,2264
штабац,,2265
мирски,,2266
крадња,,2267
бродан,,2268
саласт,,2269
нудити,,2271
виклер,,2272
глисер,,2273
опћити,,2274
радити,,2275
жганци,,2276
фиксни,,2277
пецати,,2278
елисни,,2279
искрен,,2280
подићи,,2281
ведрац,,2282
раздрт,,2283
мрамор,,2284
листат,,2285
чепити,,2286
писоар,,2287
зубаст,,2288
правац,,2289
окомит,,2290
заклан,,2292
уредан,,2293
максим,,2294
дрипац,,2295
почаст,,2296
епифит,,2297
мисаон,,2298
ластар,,2299
монтер,,2300
нештун,,2301
симбол,,2303
црнети,,2304
травањ,,2305
плећка,,2306
бравац,,2308
ресаст,,2309
хлорит,,2310
бакрач,,2311
бавити,,2312
самсар,,2313
убожан,,2314
фукати,,2315
кобити,,2316
горући,,2317
репаст,,2318
ленити,,2320
рампар,,2321
решити,,2322
прашан,,2323
чадити,,2324
точкић,,2325
табиња,,2326
гладан,,2328
цинкан,,2329
комода,,2332
љумати,,2334
варати,,2335
легати,,2336
бежати,,2339
етимбн,,2340
бувара,,2341
гаћаст,,2343
глодар,,2344
вређач,,2345
ровити,,2346
кошћат,,2347
ломљив,,2348
степен,,2349
опасан,,2350
зауман,,2351
гибљив,,2353
личити,,2354
красни,,2356
балски,,2357
попуна,,2358
спазам,,2359
мукташ,,2360
клипић,,2361
станар,,2362
крпаст,,2364
жандар,,2366
чираст,,2367
златар,,2368
придев,,2369
цитрат,,2370
безрог,,2371
лаутар,,2372
саоник,,2373
дрљити,,2374
чапљин,,2375
потмуо,,2376
лугаст,,2377
мигати,,2378
грмети,,2379
брадни,,2380
разрок,,2381
етидни,,2383
лемити,,2384
гњидав,,2385
закона,,2386
бубњар,,2387
чечати,,2388
маштар,,2389
чергаш,,2392
свирац,,2393
махнит,,2394
рудети,,2395
понеко,,2396
ларвин,,2397
кротон,,2399
фитнес,,2400
учењак,,2401
косоок,,2402
цртаћи,,2403
жмарци,,2404
проров,,2405
пропан,,2406
паклић,,2407
оралан,,2408
товити,,2409
црност,,2412
увести,,2414
блузон,,2415
пазити,,2416
лирика,,2417
чучати,,2418
багрен,,2419
дурбин,,2421
лежати,,2422
возити,,2423
увршан,,2424
сервиз,,2425
мекост,,2426
влатић,,2428
студан,,2429
искрав,,2430
галота,,2432
налећи,,2434
залиха,,2436
вишњар,,2437
лелиав,,2438
трином,,2439
криоце,,2440
фискал,,2441
шуштањ,,2442
пастир,,2444
гњурац,,2445
театар,,2446
стрнаш,,2447
лозаст,,2448
морина,,2450
злаћен,,2451
кондом,,2452
зумбул,,2453
куштро,,2454
малиша,,2455
гризли,,2456
квакач,,2457
злогук,,2458
штркаљ,,2459
промил,,2460
адитив,,2461
теизам,,2463
протон,,2464
сипкав,,2465
сервал,,2466
скрхан,,2467
урбани,,2468
премио,,2469
тинтен,,2470
тлапња,,2471
жгољав,,2472
клипак,,2473
поштен,,2474
пионир,,2475
горљив,,2477
баница,,2478
тропар,,2479
морнар,,2480
уочљив,,2481
броћац,,2482
бистар,,2483
зреник,,2484
марљив,,2485
уцкати,,2486
заквач,,2488
дрмати,,2489
сабран,,2490
куцати,,2491
мемљив,,2492
понићи,,2493
крвоок,,2494
предуг,,2495
хуњкав,,2496
урвати,,2497
свечан,,2498
арапче,,2499
ауреол,,2500
наивац,,2501
крунаш,,2502
беочуг,,2503
урођен,,2504
тумбео,,2505
трусан,,2506
слбвни,,2507
ланчић,,2508
зимљив,,2509
удован,,2510
бонаца,,2511
салчић,,2512
усисни,,2513
ускоћа,,2514
грашар,,2515
кичаст,,2516
збирка,,2517
струма,,2518
тектит,,2519
огаван,,2520
младин,,2521
баждар,,2522
овелик,,2523
морфин,,2524
лустер,,2525
свезен,,2526
џамбас,,2527
прокос,,2528
уврети,,2529
пунити,,2530
плетар,,2531
хропац,,2532
митски,,2533
микрон,,2536
карнер,,2537
бадњић,,2538
жустар,,2539
мемоар,,2540
сарком,,2541
орфеум,,2542
подуст,,2545
гадити,,2546
одлити,,2547
одушак,,2548
жмигав,,2551
зрачић,,2552
кесити,,2553
спаран,,2554
угаони,,2555
риолит,,2556
сантим,,2557
бараба,,2558
пинтер,,2559
плакат,,2560
фрчати,,2561
гробић,,2562
глават,,2563
лажара,,2564
уснити,,2565
октава,,2566
измити,,2567
сипати,,2569
куљати,,2570
херити,,2571
коњаст,,2573
фратар,,2575
оствар,,2576
богиља,,2577
врашче,,2578
игласт,,2579
толуол,,2580
науман,,2581
пенџер,,2582
лупити,,2583
пилити,,2584
апетит,,2585
картел,,2586
миоцен,,2587
зурити,,2588
имутак,,2589
нилски,,2590
крвити,,2592
брусач,,2594
резбар,,2595
крњост,,2596
лудаст,,2597
земљав,,2598
прћаст,,2599
ускост,,2600
ценити,,2601
скелар,,2602
седлар,,2603
сипљив,,2604
упаљив,,2605
отрети,,2606
дискаћ,,2607
канити,,2608
отежао,,2609
стубао,,2610
кућити,,2611
тафтан,,2612
средњи,,2613
гипсар,,2614
свињче,,2615
сведен,,2616
упадан,,2617
бридан,,2618
отирач,,2619
гатити,,2620
клизав,,2621
слаткб,,2622
гњецав,,2623
подуљи,,2624
торина,,2625
уходан,,2626
паника,,2627
табати,,2630
вранац,,2631
клопав,,2632
ситаст,,2633
изнићи,,2634
прутак,,2635
маглин,,2636
умиљат,,2637
ражњић,,2638
зељаст,,2639
бравче,,2640
дволик,,2642
концил,,2644
дробиш,,2645
пречац,,2646
флекав,,2647
банкар,,2649
сирков,,2652
вапити,,2653
одбећи,,2654
очуван,,2655
мевлуд,,2657
провео,,2658
крижни,,2659
гнусан,,2661
магнум,,2662
дактил,,2663
филцан,,2664
касати,,2665
етичан,,2666
кихати,,2668
топити,,2669
легион,,2670
тргати,,2671
репоња,,2672
платни,,2673
изнова,,2674
клицин,,2675
посред,,2676
псовач,,2677
стећак,,2678
музиља,,2680
жалбен,,2681
драгон,,2683
бодљар,,2684
бањски,,2686
хучати,,2687
еолски,,2688
зечаст,,2690
млатач,,2691
улазак,,2693
керуша,,2694
сигаст,,2695
румати,,2696
ступни,,2697
шанжан,,2698
чучећи,,2699
папкар,,2700
систем,,2702
етилни,,2704
угибач,,2705
тињати,,2707
броћев,,2708
сиктав,,2709
штркљо,,2710
овисок,,2711
премер,,2712
стрмни,,2713
иверак,,2714
дунути,,2715
манган,,2717
ћукати,,2718
хербар,,2720
тровач,,2722
дурљив,,2724
блесак,,2725
класак,,2726
дренић,,2728
гинути,,2729
пушљив,,2730
кашљав,,2731
платан,,2733
плећат,,2734
прстац,,2735
жмурка,,2736
већник,,2737
гроник,,2738
коврча,,2739
влашки,,2740
живети,,2741
стрика,,2742
рокада,,2743
чмичак,,2745
воњати,,2746
тегљив,,2747
брстан,,2748
тежати,,2749
храмић,,2750
чизмар,,2751
рогљић,,2752
банити,,2754
заовић,,2755
тулити,,2756
убости,,2758
вршњак,,2759
глосар,,2760
денути,,2761
сложан,,2763
дудињи,,2764
музгав,,2765
влатни,,2766
црноок,,2767
бечити,,2768
прошло,,2769
одољив,,2770