锘縲ord,hint,sort_order
邪斜邪卸褍褉,,1
邪胁懈蟹薪懈,,2
邪谐懈谢邪薪,,3
邪谐懈谢薪芯,,4
邪写懈褌懈胁,,5
邪卸褍褉邪薪,,6
邪蟹芯褌薪懈,,7
邪蟹芯褌芯胁,,8
邪懈泻懈写芯,,9
邪泻褋懈芯屑,,10
邪谢邪褋泻懈,,11
邪谢械谐褉芯,,12
邪谢械屑芯胁,,13
邪谢芯胁懈褌,,14
邪谢锌褋泻懈,,15
邪谢褌懈褋褌,,16
邪屑邪褌械褉,,17
邪屑薪懈芯薪,,18
邪屑锌褍谢邪,,19
邪屑褍谢械褌,,20
邪薪邪褋芯薪,,21
邪薪懈谢懈薪,,22
邪薪泻械褌邪,,23
邪薪芯写薪懈,,24
邪锌械褌懈褌,,25
邪锌芯谢芯薪,,26
邪褉邪锌褔械,,27
邪褉褮械胁懈,,28
邪褋泻械蟹邪,,29
邪褌邪屑邪薪,,30
邪褌懈褔泻懈,,31
邪褍褉械芯谢,,32
邪褎械谢薪懈,,33
邪褏薪褍褌懈,,34
邪褑械褌邪褌,,35
邪褑械褌芯薪,,36
斜邪斜邪褋褌,,37
斜邪胁懈褌懈,,38
斜邪谐褉械薪,,39
斜邪写褭邪胁,,40
斜邪写褮懈褯,,41
斜邪卸写邪褉,,42
斜邪蟹邪谢芯,,43
斜邪泻褉邪褔,,44
斜邪泻褉械薪,,45
斜邪泻褍褌邪,,46
斜邪谢懈褌懈,,47
斜邪谢泻邪薪,,48
斜邪谢褋邪屑,,49
斜邪谢褋泻懈,,50
斜邪薪谐邪胁,,51
斜邪薪写懈褌,,52
斜邪薪懈褌懈,,53
斜邪薪懈褑邪,,54
斜邪薪泻邪褉,,55
斜邪薪泻械褌,,56
斜邪薪褋泻懈,,57
斜邪薪褌邪屑,,58
斜邪褮褋泻懈,,59
斜邪锌褋泻懈,,60
斜邪褉邪斜邪,,61
斜邪褉斜邪褉,,62
斜邪褉斜褍薪,,63
斜邪褉屑械薪,,64
斜邪褋邪褌懈,,65
斜邪褋泻械褌,,66
斜邪褍褭邪胁,,67
斜邪褑邪褌懈,,68
斜邪褑懈褌懈,,69
斜械斜邪褋褌,,70
斜械写邪褋褌,,71
斜械卸邪褌懈,,72
斜械蟹斜褉泻,,73
斜械蟹写邪薪,,74
斜械蟹薪芯谐,,75
斜械蟹薪芯褋,,76
斜械蟹褉械锌,,77
斜械蟹褉芯谐,,78
斜械蟹褉褍泻,,79
斜械谢懈褌懈,,80
斜械谢芯褮邪,,81
斜械谢褑邪褌,,82
斜械薪邪褋褌,,83
斜械薪蟹械薪,,84
斜械薪蟹懈薪,,85
斜械薪蟹芯谢,,86
斜械芯褔褍谐,,87
斜械褉斜械褉,,88
斜械褋薪懈泻,,89
斜械褔懈褌懈,,90
斜懈泻懈薪懈,,91
斜懈谢邪薪褋,,92
斜懈谢懈芯薪,,93
斜懈谢褌械薪,,94
斜懈褭褔懈薪,,95
斜懈薪褋泻懈,,96
斜懈褋泻褍锌,,97
斜懈褋褌邪褉,,98
斜懈褋褌褉芯,,99
斜谢邪胁芯褉,,100
斜谢邪谐褍薪,,101
斜谢邪卸械薪,,102
斜谢邪褌邪胁,,103
斜谢邪褌邪薪,,104
斜谢械褣邪薪,,105
斜谢械薪褌芯,,106
斜谢械褋邪胁,,107
斜谢械褋邪泻,,108
斜谢械褋邪薪,,109
斜谢械褎械褉,,110
斜谢褍写邪薪,,111
斜谢褍蟹芯薪,,112
斜褭褍褌邪胁,,113
斜芯谐懈褭邪,,114
斜芯写褭邪胁,,115
斜芯写褭邪褉,,116
斜芯写褭懈胁,,117
斜芯泻邪褋褌,,118
斜芯泻褋邪褔,,119
斜芯泻褋懈褌,,120
斜芯谢薪懈泻,,121
斜芯褭械褌懈,,122
斜芯屑斜邪褕,,123
斜芯屑斜芯薪,,124
斜芯薪邪褑邪,,125
斜芯薪褌芯薪,,126
斜芯褉邪泻褋,,127
斜芯褉邪褌懈,,128
斜芯褉斜械薪,,129
斜芯褉写械谢,,130
斜芯褋褌芯薪,,131
斜芯褑邪褋褌,,132
斜芯褑泻邪胁,,133
斜芯褔懈褌懈,,134
斜芯褕褮邪泻,,135
斜褉邪胁邪褑,,136
斜褉邪胁懈褯,,137
斜褉邪胁褭懈,,138
斜褉邪胁褔械,,139
斜褉邪写邪褌,,140
斜褉邪写薪懈,,141
斜褉邪薪懈泻,,142
斜褉邪薪懈褔,,143
斜褉邪褮懈胁,,144
斜褉邪褔薪懈,,145
斜褉斜褭邪胁,,146
斜褉斜褭懈胁,,147
斜褉械卸懈褯,,148
斜褉械薪写懈,,149
斜褉械薪褑械,,150
斜褉蟹邪褌懈,,151
斜褉懈谐械褕,,152
斜褉懈写邪薪,,153
斜褉懈蟹邪泻,,154
斜褉懈褋邪褔,,155
斜褉泻芯褮邪,,156
斜褉褮邪褋褌,,157
斜褉芯写邪薪,,158
斜褉芯写邪褉,,159
斜褉芯泻邪褌,,160
斜褉芯屑邪褌,,161
斜褉芯屑芯胁,,162
斜褉芯褯邪褑,,163
斜褉芯褯械胁,,164
斜褉褋薪邪褌,,165
斜褉褋褌邪薪,,166
斜褉褍褋邪褉,,167
斜褉褍褋邪褔,,168
斜褉褍褋懈褯,,169
斜褉褔泻邪胁,,170
斜褍斜褮邪褉,,171
斜褍斜褮懈褯,,172
斜褍胁邪褉邪,,173
斜褍胁褭邪泻,,174
斜褍胁褭懈胁,,175
斜褍写芯邪褉,,176
斜褍写褍褯懈,,177
斜褍泻胁邪褉,,178
斜褍泻胁懈褯,,179
斜褍褭懈薪邪,,180
斜褍褭芯芯泻,,181
斜褍薪写芯胁,,182
斜褍褉懈褌懈,,183
斜褍褋邪褉邪,,184
斜褍褋邪褌懈,,185
斜褍褏邪褉邪,,186
斜褍褑邪褌懈,,187
斜褍褔邪褌懈,,188
斜褍褕邪褯懈,,189
胁邪写懈褌懈,,190
胁邪卸械褯懈,,191
胁邪卸懈褌懈,,192
胁邪泻械谢邪,,193
胁邪褭邪褌懈,,194
胁邪薪写邪谢,,195
胁邪锌懈褌懈,,196
胁邪褉邪褌懈,,197
胁邪褉褭懈胁,,198
胁邪褋褑械芯,,199
胁邪褌褉邪褭,,200
胁邪褕褭懈胁,,201
胁写邪褋邪褌,,202
胁械写褉邪褑,,203
胁械卸斜邪褔,,204
胁械蟹懈褭邪,,205
胁械褭邪褔邪,,206
胁械薪褌懈谢,,207
胁械薪褔懈褯,,208
胁械褉蟹邪谢,,209
胁械褉褍谐邪,,210
胁械褋谢邪褔,,211
胁械褋薪懈泻,,212
胁械褌褉懈褯,,213
胁械褯邪褌懈,,214
胁械褯薪懈泻,,215
胁械褕褔懈褯,,216
胁懈谐胁邪屑,,217
胁懈写褭懈胁,,218
胁懈写褉懈薪,,219
胁懈写褋泻懈,,220
胁懈泻谢械褉,,221
胁懈谢邪褋褌,,222
胁懈屑械薪懈,,223
胁懈薪邪褋褌,,224
胁懈褉懈褌懈,,225
胁懈褉屑邪薪,,226
胁懈褉褌褍芯,,227
胁懈褋懈褌懈,,228
胁懈褋芯褋褌,,229
胁懈褌芯褋褌,,230
胁懈褌褉邪卸,,231
胁懈褕褮邪泻,,232
胁懈褕褮邪褉,,233
胁懈褕褮械胁,,234
胁懈褕褮懈泻,,235
胁谢邪写邪褉,,236
胁谢邪卸邪薪,,237
胁谢邪褋邪褑,,238
胁谢邪褋懈褯,,239
胁谢邪褌邪泻,,240
胁谢邪褌懈褯,,241
胁谢邪褌薪懈,,242
胁谢邪褔邪褉,,243
胁谢邪褔薪懈,,244
胁谢邪褕泻懈,,245
胁芯写懈褌懈,,246
胁芯写褮邪胁,,247
胁芯蟹懈褌懈,,248
胁芯褭械褌懈,,249
胁芯褮邪褌懈,,250
胁芯褋泻邪褉,,251
胁芯褕褌邪薪,,252
胁褉邪卸懈褯,,253
胁褉邪薪邪褑,,254
胁褉邪薪褔械,,255
胁褉邪锌褔械,,256
胁褉邪褌邪褉,,257
胁褉邪褔邪褉,,258
胁褉邪褕泻懈,,259
胁褉邪褕褔械,,260
胁褉谐邪褋褌,,261
胁褉械斜邪褔,,262
胁褉械褣邪褔,,263
胁褉械谢褑械,,264
胁褉械芯褑械,,265
胁褉懈褋邪泻,,266
胁褉褭邪胁芯,,267
胁褉褭邪褌懈,,268
胁褉褭芯芯泻,,269
胁褉薪褍褌懈,,270
胁褉褋泻邪胁,,271
胁褉褋褌邪薪,,272
胁褉褋褌邪褔,,273
胁褉褌械褌懈,,274
胁褉褌谢邪褉,,275
胁褉褌褭懈胁,,276
胁褉褍褌邪泻,,277
胁褉褍褯邪褑,,278
胁褉褑邪褌懈,,279
胁褉褑泻邪胁,,280
胁褉褔邪褌懈,,281
胁褉褕懈褌懈,,282
胁褉褕褮邪泻,,283
胁褍谢泻邪薪,,284
胁褍薪邪褋褌,,285
胁褍褑邪褌懈,,286
胁褍褔懈泻邪,,287
谐邪写懈褌懈,,288
谐邪写褭懈胁,,289
谐邪写芯褋褌,,290
谐邪褣邪褌懈,,291
谐邪蟹懈褌懈,,292
谐邪谢懈芯薪,,293
谐邪谢懈褌懈,,294
谐邪谢懈褑邪,,295
谐邪谢芯褌邪,,296
谐邪褮邪褌懈,,297
谐邪褉懈褌懈,,298
谐邪褌懈褌懈,,299
谐邪褯邪褋褌,,300
谐械薪褋泻懈,,301
谐械锌懈褌懈,,302
谐械褉懈谢邪,,303
谐械褉屑邪薪,,304
谐械褌褋泻懈,,305
谐懈斜邪褌懈,,306
谐懈斜褭懈胁,,307
谐懈蟹写邪胁,,308
谐懈薪褍褌懈,,309
谐懈锌褋邪褉,,310
谐谢邪胁邪褌,,311
谐谢邪胁懈褯,,312
谐谢邪写邪薪,,313
谐谢邪屑褍褉,,314
谐谢邪褋邪薪,,315
谐谢邪褋懈褌,,316
谐谢邪褋懈褯,,317
谐谢邪褋薪懈,,318
谐谢邪褔邪褉,,319
谐谢械卸邪褮,,320
谐谢懈薪邪褑,,321
谐谢懈薪械薪,,322
谐谢懈褋械褉,,323
谐谢芯斜邪谢,,324
谐谢芯斜邪褉,,325
谐谢芯谐懈褯,,326
谐谢芯谐芯胁,,327
谐谢芯写邪褉,,328
谐谢芯褋邪褉,,329
谐谢褍屑邪褑,,330
谐谢褍锌邪胁,,331
谐谢褍锌邪泻,,332
谐褭懈胁懈薪,,333
谐屑懈蟹邪胁,,334
谐薪褍褋邪薪,,335
谐褮邪褌懈褯,,336
谐褮邪褌薪懈,,337
谐褮械褑邪胁,,338
谐褮懈写邪胁,,339
谐褮褍褉邪褑,,340
谐芯胁械褔械,,341
谐芯胁薪邪胁,,342
谐芯胁薪邪褉,,343
谐芯胁褮懈胁,,344
谐芯写懈褌懈,,345
谐芯谢懈褌懈,,346
谐芯谢褑邪褌,,347
谐芯薪懈褌懈,,348
谐芯褉褭邪泻,,349
谐芯褉褭懈胁,,350
谐芯褉褋泻懈,,351
谐芯褉褍褯懈,,352
谐芯褋锌邪褉,,353
谐芯褋锌芯写,,354
谐芯褌褋泻懈,,355
谐褉邪斜懈泻,,356
谐褉邪斜懈褯,,357
谐褉邪写薪懈,,358
谐褉邪褣械薪,,359
谐褉邪薪邪褌,,360
谐褉邪褎懈褌,,361
谐褉邪褏芯胁,,362
谐褉邪褕邪泻,,363
谐褉邪褕邪褉,,364
谐褉邪褕邪褑,,365
谐褉斜邪褋褌,,366
谐褉斜懈褌懈,,367
谐褉械褕邪薪,,368
谐褉械褕懈褯,,369
谐褉懈蟹谢懈,,370
谐褉懈褮邪胁,,371
谐褉懈褋褌懈,,372
谐褉懈褎芯薪,,373
谐褉谢懈褌懈,,374
谐褉屑邪褋褌,,375
谐褉屑械褌懈,,376
谐褉薪褔邪褉,,377
谐褉芯斜邪褉,,378
谐褉芯斜懈褯,,379
谐褉芯斜薪懈,,380
谐褉芯泻斜褌,,381
谐褉芯屑斜懈,,382
谐褉芯屑芯褉,,383
谐褉芯薪懈泻,,384
谐褉芯褎懈褯,,385
谐褉褍写邪胁,,386
谐褉褍写邪褌,,387
谐褉褍锌薪懈,,388
谐褉褍褕邪胁,,389
谐褉褔邪褌懈,,390
谐褉褔懈褌懈,,391
谐褍斜邪褋褌,,392
谐褍斜邪褌懈,,393
谐褍斜懈褌懈,,394
谐褍写褉芯薪,,395
谐褍蟹懈褌懈,,396
谐褍泻邪褋褌,,397
谐褍屑邪褋褌,,398
谐褍薪褣邪胁,,399
谐褍褮褔懈褯,,400
谐褍褉屑邪薪,,401
谐褍褋褌懈薪,,402
谐褍褌邪褌懈,,403
谐褍褑邪褌懈,,404
谐褍褕褌邪泻,,405
谐褍褕褌锌泻,,406
写邪胁邪褌懈,,407
写邪泻褌懈谢,,408
写邪薪芯褋褌,,409
写邪褋泻邪褕,,410
写邪褌芯褋褌,,411
写邪褌褍谢邪,,412
写邪褏褌邪胁,,413
写胁懈褋泻邪,,414
写胁芯邪褍斜,,415
写胁芯胁褉褏,,416
写胁芯谐芯写,,417
写胁芯谐褉斜,,418
写胁芯写芯屑,,419
写胁芯谢懈泻,,420
写胁芯锌械褉,,421
写胁芯褉邪褑,,422
写胁芯褉械写,,423
写胁芯褉芯谐,,424
写械斜邪泻谢,,425
写械胁邪褌懈,,426
写械懈邪邪屑,,427
写械谢懈褌懈,,428
写械薪褌邪谢,,429
写械薪褍褌懈,,430
写械褋械褌懈,,431
写械褌谢懈褯,,432
写械褎懈谢械,,433
写械褎褌械褉,,434
写懈胁懈褌懈,,435
写懈胁褭邪泻,,436
写懈胁褋泻懈,,437
写懈写懈褌懈,,438
写懈械写邪褉,,439
写懈蟹写邪褉,,440
写懈泻褌邪褌,,441
写懈屑邪褋褌,,442
写懈屑懈褌懈,,443
写懈屑褭懈胁,,444
写懈褮邪褋褌,,445
写懈褉褭懈胁,,446
写懈褋泻邪褯,,447
写懈褋锌褍褌,,448
写谢邪泻邪胁,,449
写芯斜懈褌懈,,450
写芯斜褉邪薪,,451
写芯斜褉邪褑,,452
写芯斜褉邪褕,,453
写芯斜褉懈褯,,454
写芯写邪褌懈,,455
写芯卸械褌懈,,456
写芯懈褋褌邪,,457
写芯泻褋邪褌,,458
写芯谢懈薪械,,459
写芯谢薪邪褉,,460
写芯屑邪谢懈,,461
写芯屑邪褯懈,,462
写芯屑懈褌懈,,463
写芯薪械褌懈,,464
写芯褉褋泻懈,,465
写芯褋锌械芯,,466
写芯褕褭邪泻,,467
写褉邪谐芯薪,,468
写褉邪谐褍褭,,469
写褉邪谐褍薪,,470
写褉邪泻芯薪,,471
写褉邪谢芯薪,,472
写褉邪屑邪褌,,473
写褉邪褔邪胁,,474
写褉邪褔械胁,,475
写褉械胁邪薪,,476
写褉械薪懈褯,,477
写褉械薪芯胁,,478
写褉械褮邪褏,,479
写褉械褔邪胁,,480
写褉卸邪褌懈,,481
写褉懈锌邪褑,,482
写褉泻邪褌懈,,483
写褉褭邪谢芯,,484
写褉褭懈褌懈,,485
写褉屑邪褌懈,,486
写褉薪写邪胁,,487
写褉薪写邪褉,,488
写褉芯斜邪薪,,489
写褉芯斜懈褕,,490
写褉芯蟹邪泻,,491
写褉芯褮邪胁,,492
写褉芯褮邪泻,,493
写褉芯褮邪褉,,494
写褉褍谐邪褉,,495
写褉褍卸懈褯,,496
写褉褍屑邪褉,,497
写褉褏褌邪胁,,498
写褉褏褌褍褉,,499
写褉褕褔懈褯,,500
写褍斜懈褌懈,,501
写褍斜谢械褉,,502
写褍斜谢械褌,,503
写褍写邪褋褌,,504
写褍写懈褮懈,,505
写褍卸邪褌懈,,506
写褍褭邪褌懈,,507
写褍薪褍褌懈,,508
写褍锌褭邪褉,,509
写褍褉斜懈薪,,510
写褍褉懈褌懈,,511
写褍褉褭懈胁,,512
写褍褉褋泻懈,,513
写褍褕褮邪泻,,514
褣邪褍褉泻邪,,515
褣邪褍褉褔械,,516
褣械褉写邪薪,,517
褣械褕褣懈褉,,518
褣懈泻邪褌懈,,519
褣懈锌懈褌懈,,520
褣芯薪懈褌懈,,521
褣芯褉邪褌懈,,522
褣褍胁械褔械,,523
褣褍屑斜懈褉,,524
褣褍褉褣懈褑,,525
械斜邪薪芯胁,,526
械谐芯懈褋褌,,527
械泻邪胁邪褑,,528
械泻懈锌邪卸,,529
械谢懈褋薪懈,,530
械谢懈褌邪薪,,531
械屑斜褉懈芯,,532
械屑懈褉邪褌,,533
械屑懈褋邪褉,,534
械屑锌芯褉邪,,535
械屑褎邪蟹邪,,536
械芯谢褋泻懈,,537
械锌懈谐芯薪,,538
械锌懈褌械谢,,539
械锌懈褎懈褌,,540
械锌懈褔邪薪,,541
械褉懈写懈薪,,542
械褉懈褌械屑,,543
械褉褍写懈褌,,544
械褋褌褍邪褉,,545
械褌邪卸械褉,,546
械褌邪卸薪懈,,547
械褌邪谢芯薪,,548
械褌械褉薪懈,,549
械褌懈写薪懈,,550
械褌懈谢薪懈,,551
械褌懈屑斜薪,,552
械褌懈褔邪薪,,553
械褌懈褔泻懈,,554
械褌芯谢芯谐,,555
械褏芯谢芯褌,,556
卸邪谢斜械薪,,557
卸邪谢懈褌懈,,558
卸邪谢芯褋褌,,559
卸邪薪写邪褉,,560
卸邪褉谐芯薪,,561
卸邪褉械褯懈,,562
卸邪褑邪褌懈,,563
卸斜褍薪懈褯,,564
卸胁邪谢邪胁,,565
卸胁褉褭邪胁,,566
卸谐邪薪褑懈,,567
卸谐械斜邪胁,,568
卸谐芯褭邪胁,,569
卸写械褉邪胁,,570
卸械写薪懈泻,,571
卸械谢械褌懈,,572
卸械薪褋泻芯,,573
卸械褉邪胁邪,,574
卸械褋褌芯泻,,575
卸懈胁械褌懈,,576
卸懈胁芯褋褌,,577
卸懈胁褑邪褌,,578
卸懈谐懈褑邪,,579
卸懈谐芯谢芯,,580
卸懈卸懈褌懈,,581
卸懈卸褭懈胁,,582
卸懈谢邪褋褌,,583
卸懈褑邪褌懈,,584
卸谢懈褔邪褉,,585
卸屑邪褉褑懈,,586
卸屑懈谐邪胁,,587
卸屑褍褉泻邪,,588
卸芯褉卸械褌,,589
卸褍写械褌懈,,590
卸褍褭邪褌懈,,591
卸褍褭懈褌懈,,592
卸褍褉褭懈胁,,593
卸褍褋褌邪褉,,594
卸褍褌械褌懈,,595
卸褍褌懈褌懈,,596
卸褍褌褮邪泻,,597
卸褍褔褭懈胁,,598
蟹邪写邪褌懈,,599
蟹邪泻胁邪褔,,600
蟹邪泻谢邪薪,,601
蟹邪泻谢械褌,,602
蟹邪泻芯薪邪,,603
蟹邪泻褉械褌,,604
蟹邪谢懈褏邪,,605
蟹邪屑邪褯懈,,606
蟹邪屑械褉邪,,607
蟹邪屑褉褯懈,,608
蟹邪薪械褌懈,,609
蟹邪薪械褌芯,,610
蟹邪芯胁懈褯,,611
蟹邪褉褣邪芯,,612
蟹邪褋械泻邪,,613
蟹邪褋锌邪芯,,614
蟹邪褌械褯懈,,615
蟹邪褌褉泻邪,,616
蟹邪褌褉褌懈,,617
蟹邪褍屑邪薪,,618
蟹邪褍屑褭械,,619
蟹邪褔屑邪芯,,620
蟹邪褕褉褕懈,,621
蟹斜懈褉泻邪,,622
蟹斜懈褉薪懈,,623
蟹斜芯褉薪懈,,624
蟹斜褉泻邪薪,,625
蟹斜褍褮械薪,,626
蟹斜褍褮懈胁,,627
蟹胁械泻懈褉,,628
蟹胁械褉泻邪,,629
蟹胁械褔邪泻,,630
蟹胁械褔邪褑,,631
蟹胁芯薪邪泻,,632
蟹胁芯薪邪褉,,633
蟹胁芯薪懈泻,,634
蟹胁芯薪泻芯,,635
蟹胁芯薪褑械,,636
蟹胁褍褔邪薪,,637
蟹谐芯写邪薪,,638
蟹谐褍褉械薪,,639
蟹写械薪邪褑,,640
蟹械斜褭懈胁,,641
蟹械蟹邪褌懈,,642
蟹械蟹薪褍褌,,643
蟹械泻邪褋褌,,644
蟹械泻褍褭邪,,645
蟹械褭邪褋褌,,646
蟹械屑斜懈谢,,647
蟹械屑褭邪胁,,648
蟹械屑褭邪泻,,649
蟹械屑褭懈胁,,650
蟹械褔邪褋褌,,651
蟹械褔懈褑邪,,652
蟹懈屑褭懈胁,,653
蟹懈屑褋泻懈,,654
蟹懈薪褍褌懈,,655
蟹谢邪褌邪薪,,656
蟹谢邪褌邪褉,,657
蟹谢邪褯械薪,,658
蟹谢械褏褍写,,659
蟹谢芯斜邪薪,,660
蟹谢芯斜懈胁,,661
蟹谢芯谐褍泻,,662
蟹谢芯褉械泻,,663
蟹谢芯褯褍写,,664
蟹谢芯褏褍写,,665
蟹谢褍褉邪写,,666
蟹屑芯卸薪懈,,667
蟹薪邪褌邪薪,,668
蟹芯斜懈褌懈,,669
蟹芯芯谐械薪,,670
蟹褉邪褔邪泻,,671
蟹褉邪褔懈褯,,672
蟹褉械薪懈泻,,673
蟹褉懈泻邪胁,,674
蟹褍斜邪褋褌,,675
蟹褍泻邪褉邪,,676
蟹褍泻邪褌懈,,677
蟹褍屑斜褍谢,,678
蟹褍褉懈褌懈,,679
蟹褍褑邪褌懈,,680
懈胁械褉邪泻,,681
懈胁懈褔薪褑,,682
懈谐谢邪褋褌,,683
懈谐褉邪褌懈,,684
懈蟹胁褍褯懈,,685
懈蟹写邪褌懈,,686
懈蟹写懈褯懈,,687
懈蟹械褋褌懈,,688
懈蟹屑懈褌懈,,689
懈蟹薪械褌懈,,690
懈蟹薪懈褯懈,,691
懈蟹薪芯胁邪,,692
懈蟹芯褌芯锌,,693
懈蟹褉械褯懈,,694
懈泻邪胁邪褑,,695
懈泻邪泻邪胁,,696
懈泻芯谢懈泻,,697
懈谢懈褉邪褑,,698
懈屑械褌邪泻,,699
懈屑芯胁薪懈,,700
懈屑褍褌邪泻,,701
懈屑褍褯邪薪,,702
懈薪写懈谐芯,,703
懈褋泻褉邪胁,,704
懈褋泻褉械薪,,705
懈褋锌褉胁邪,,706
懈褋褌邪褯懈,,707
懈褋褌褍褯懈,,708
懈褏褌懈芯谢,,709
泻邪斜邪褉械,,710
泻邪斜邪褋褌,,711
泻邪斜谢邪褉,,712
泻邪斜谢懈褯,,713
泻邪胁邪薪邪,,714
泻邪蟹械懈薪,,715
泻邪泻邪写褍,,716
泻邪谢胁懈薪,,717
泻邪谢泻邪薪,,718
泻邪谢褑邪薪,,719
泻邪屑懈褭懈,,720
泻邪屑懈芯薪,,721
泻邪屑褎芯褉,,722
泻邪薪邪斜械,,723
泻邪薪懈褌懈,,724
泻邪薪泻邪薪,,725
泻邪薪褌芯薪,,726
泻邪锌邪褌懈,,727
泻邪锌褉懈褑,,728
泻邪褉邪褌械,,729
泻邪褉斜懈褌,,730
泻邪褉斜芯谢,,731
泻邪褉写邪薪,,732
泻邪褉懈褌屑,,733
泻邪褉屑懈薪,,734
泻邪褉薪械褉,,735
泻邪褉薪懈蟹,,736
泻邪褉褌邪褉,,737
泻邪褉褌邪褕,,738
泻邪褉褌械谢,,739
泻邪褉褌械褔,,740
泻邪褉褍褑械,,741
泻邪褋邪褌懈,,742
泻邪褌褉械薪,,743
泻邪褯褍褕邪,,744
泻邪褎械懈薪,,745
泻邪褔懈褌懈,,746
泻邪褕褭邪胁,,747
泻胁邪泻邪褔,,748
泻胁邪褉邪薪,,749
泻胁邪褋邪薪,,750
泻胁邪褋邪褑,,751
泻械写褉芯胁,,752
泻械褉械褯懈,,753
泻械褉褍褕邪,,754
泻械褋懈褌懈,,755
泻懈写邪褌懈,,756
泻懈写褭懈胁,,757
泻懈褋懈褌懈,,758
泻懈褌邪褉邪,,759
泻懈褌邪褋褌,,760
泻懈褌懈褌懈,,761
泻懈褏邪褌懈,,762
泻懈褔邪褋褌,,763
泻懈褕褭懈胁,,764
泻谢邪胁懈褉,,765
泻谢邪薪邪褑,,766
泻谢邪褋邪泻,,767
泻谢邪褋邪薪,,768
泻谢邪褋邪褌,,769
泻谢邪褋懈褯,,770
泻谢邪褋薪懈,,771
泻谢械泻芯胁,,772
泻谢械薪懈泻,,773
泻谢械锌邪褑,,774
泻谢械锌邪褔,,775
泻谢械褉懈泻,,776
泻谢械褋邪褉,,777
泻谢械褑邪胁,,778
泻谢懈蟹邪胁,,779
泻谢懈蟹邪泻,,780
泻谢懈蟹邪褔,,781
泻谢懈蟹薪懈,,782
泻谢懈泻褍薪,,783
泻谢懈屑邪胁,,784
泻谢懈锌邪泻,,785
泻谢懈锌懈褯,,786
泻谢懈褋邪褉,,787
泻谢懈褋泻芯,,788
泻谢懈褑邪胁,,789
泻谢懈褑懈薪,,790
泻谢芯蟹械褌,,791
泻谢芯薪褍芯,,792
泻谢芯锌邪胁,,793
泻谢褍锌褔械,,794
泻褭邪泻邪胁,,795
泻褭褍薪邪泻,,796
泻褭褍薪邪褉,,797
泻褭褍薪邪褕,,798
泻褭褍薪懈褯,,799
泻褭褍褔邪褉,,800
泻褭褍褔懈褯,,801
泻褭褍褔薪懈,,802
泻屑械泻邪胁,,803
泻薪械卸懈褯,,804
泻薪械蟹芯胁,,805
泻芯斜懈褌懈,,806
泻芯斜褉邪褔,,807
泻芯胁邪褌懈,,808
泻芯胁械褉褌,,809
泻芯胁懈薪邪,,810
泻芯胁褉褔邪,,811
泻芯卸邪褋褌,,812
泻芯卸薪邪褌,,813
泻芯蟹谢邪褑,,814
泻芯泻邪懈薪,,815
泻芯泻褋薪懈,,816
泻芯谢械褉邪,,817
泻芯谢械褌芯,,818
泻芯谢褮邪泻,,819
泻芯谢褏芯蟹,,820
泻芯屑懈泻邪,,821
泻芯屑懈褌懈,,822
泻芯屑芯写邪,,823
泻芯屑锌芯褌,,824
泻芯屑褍褕邪,,825
泻芯屑褎芯褉,,826
泻芯薪写邪泻,,827
泻芯薪写芯屑,,828
泻芯薪褑懈谢,,829
泻芯薪褔邪薪,,830
泻芯褮邪褋褌,,831
泻芯褮褋泻懈,,832
泻芯褮褔懈褯,,833
泻芯锌邪褌懈,,834
泻芯褉邪褋褌,,835
泻芯褉写芯薪,,836
泻芯褉懈褌懈,,837
泻芯褉薪械褉,,838
泻芯褉褮邪褕,,839
泻芯褉锌邪褉,,840
泻芯褉褍斜邪,,841
泻芯褋屑邪褌,,842
泻芯褋屑芯褋,,843
泻芯褋薪懈泻,,844
泻芯褋芯芯泻,,845
泻芯褋褌懈屑,,846
泻芯褌懈褌懈,,847
泻芯褌谢邪褉,,848
泻芯褌谢邪褑,,849
泻芯褌谢械褌,,850
泻芯褌谢懈褯,,851
泻芯褔懈薪邪,,852
泻芯褕褭懈胁,,853
泻芯褕屑邪褉,,854
泻芯褕褌邪褑,,855
泻芯褕褯邪褌,,856
泻芯褕褯械谢,,857
泻芯褕褔邪褌,,858
泻芯褕褔械胁,,859
泻褉邪胁褭懈,,860
泻褉邪谐褍褭,,861
泻褉邪写褮邪,,862
泻褉邪褋邪薪,,863
泻褉邪褋薪懈,,864
泻褉邪褌泻懈,,865
泻褉邪褕泻芯,,866
泻褉胁懈褌懈,,867
泻褉胁薪懈泻,,868
泻褉胁芯芯泻,,869
泻褉械邪芯谢,,870
泻褉械邪褍斜,,871
泻褉械写懈褌,,872
泻褉械写薪懈,,873
泻褉械蟹邪胁,,874
泻褉械泻械褌,,875
泻褉械屑械薪,,876
泻褉械锌邪泻,,877
泻褉械锌邪芯,,878
泻褉械锌泻芯,,879
泻褉械褋褌邪,,880
泻褉械褌械薪,,881
泻褉械褌芯薪,,882
泻褉械褑邪胁,,883
泻褉械褔邪胁,,884
泻褉械褔邪薪,,885
泻褉械褔邪褉,,886
泻褉卸褭邪胁,,887
泻褉蟹邪褌懈,,888
泻褉蟹薪邪褉,,889
泻褉蟹薪邪褌,,890
泻褉蟹薪械薪,,891
泻褉懈胁邪褑,,892
泻褉懈胁邪褔,,893
泻褉懈胁褍褭,,894
泻褉懈卸邪泻,,895
泻褉懈卸邪褉,,896
泻褉懈卸邪褔,,897
泻褉懈卸懈褯,,898
泻褉懈卸薪懈,,899
泻褉懈蟹薪懈,,900
泻褉懈谢邪褌,,901
泻褉懈谢薪芯,,902
泻褉懈谢褑械,,903
泻褉懈屑懈褯,,904
泻褉懈薪泻邪,,905
泻褉懈芯褑械,,906
泻褉懈褌懈泻,,907
泻褉懈褔邪胁,,908
泻褉泻褭邪胁,,909
泻褉屑褔懈褯,,910
泻褉褮邪胁芯,,911
泻褉褮邪褋褌,,912
泻褉褮懈褌懈,,913
泻褉褮芯褋褌,,914
泻褉芯胁邪褉,,915
泻褉芯褌邪泻,,916
泻褉芯褌芯薪,,917
泻褉锌邪褋褌,,918
泻褉锌邪褌懈,,919
泻褉锌懈褌懈,,920
泻褉褋褌邪褕,,921
泻褉褋褌懈褯,,922
泻褉褍卸邪薪,,923
泻褉褍薪邪褑,,924
泻褉褍薪邪褕,,925
泻褉褍褮邪褔,,926
泻褉褍锌邪薪,,927
泻褉褍褕邪薪,,928
泻褉褍褕邪褑,,929
泻褉褑邪褌懈,,930
泻褉褑泻邪胁,,931
泻褉褔屑邪褉,,932
泻褉褕褌械薪,,933
泻褋械薪芯薪,,934
泻褍胁械褉褌,,935
泻褍谐谢邪褌,,936
泻褍谐谢芯褎,,937
泻褍写懈褌懈,,938
泻褍写褉邪胁,,939
泻褍写褉芯胁,,940
泻褍卸懈褌懈,,941
泻褍泻褍褭邪,,942
泻褍谢芯邪褉,,943
泻褍谢褌薪懈,,944
泻褍褭邪褌懈,,945
泻褍屑邪褌懈,,946
泻褍锌邪卸邪,,947
泻褍锌邪褋褌,,948
泻褍锌懈褌懈,,949
泻褍锌褭懈胁,,950
泻褍褉斜邪薪,,951
泻褍褉胁邪褉,,952
泻褍褉蟹懈胁,,953
泻褍褉褋薪懈,,954
泻褍褯懈褌懈,,955
泻褍褑邪褌懈,,956
泻褍褔泻懈薪,,957
泻褍褕邪褌懈,,958
泻褍褕褭邪胁,,959
泻褍褕褌褉芯,,960
谢邪胁邪斜芯,,961
谢邪胁懈褑邪,,962
谢邪谐懈褌懈,,963
谢邪写懈褑邪,,964
谢邪褣邪褋褌,,965
谢邪卸邪褉邪,,966
谢邪蟹懈褌懈,,967
谢邪懈褔泻懈,,968
谢邪泻芯屑芯,,969
谢邪泻褌邪褌,,970
谢邪泻褌邪褕,,971
谢邪屑锌械泻,,972
谢邪薪写芯胁,,973
谢邪薪褌邪薪,,974
谢邪薪褔懈褯,,975
谢邪褮褋泻懈,,976
谢邪褉胁懈薪,,977
谢邪褋邪褋褌,,978
谢邪褋泻邪胁,,979
谢邪褋褌邪褉,,980
谢邪褯邪褌懈,,981
谢邪褍褌邪褉,,982
谢邪褑屑邪薪,,983
谢械谐邪褌懈,,984
谢械谐懈芯薪,,985
谢械写懈褌懈,,986
谢械卸邪褌懈,,987
谢械卸械褯懈,,988
谢械卸懈褭邪,,989
谢械谢懈邪胁,,990
谢械屑懈褌懈,,991
谢械薪懈褌懈,,992
谢械薪芯褋褌,,993
谢械褮懈褌懈,,994
谢械褮芯褋褌,,995
谢械锌械蟹邪,,996
谢械锌懈褌懈,,997
谢械锌褌懈褉,,998
谢械褌械褌懈,,999
谢械褍泻芯屑,,1000
谢械褔懈褌懈,,1001
谢械褔薪懈泻,,1002
谢懈斜邪写械,,1003
谢懈斜懈褌懈,,1004
谢懈胁邪写邪,,1005
谢懈谐薪懈薪,,1006
谢懈谐薪懈褌,,1007
谢懈屑褎薪懈,,1008
谢懈薪械邪谢,,1009
谢懈薪械褌邪,,1010
谢懈褉邪褋褌,,1011
谢懈褉懈泻邪,,1012
谢懈褋邪褋褌,,1013
谢懈褋懈褔械,,1014
谢懈褋泻褍薪,,1015
谢懈褋褌邪褉,,1016
谢懈褋褌邪褌,,1017
谢懈褋褌邪褕,,1018
谢懈褋褌懈褯,,1019
谢懈褌懈褑邪,,1020
谢懈褔懈褌懈,,1021
谢懈褕懈褌懈,,1022
谢懈褕褯邪褉,,1023
谢芯胁懈薪邪,,1024
谢芯胁懈褌懈,,1025
谢芯胁褔械胁,,1026
谢芯卸懈褌懈,,1027
谢芯蟹邪褋褌,,1028
谢芯泻胁邪褮,,1029
谢芯谢邪褌懈,,1030
谢芯屑懈褌懈,,1031
谢芯屑褭懈胁,,1032
谢芯薪褔邪褉,,1033
谢芯锌褌懈薪,,1034
谢芯褉褮芯薪,,1035
谢芯褋懈芯薪,,1036
谢褍谐邪褋褌,,1037
谢褍写邪褋褌,,1038
谢褍写械褌懈,,1039
谢褍写芯褋褌,,1040
谢褍卸邪褋褌,,1041
谢褍卸薪邪褌,,1042
谢褍卸薪懈泻,,1043
谢褍卸褮邪泻,,1044
谢褍泻邪褋褌,,1045
谢褍泻褋褍蟹,,1046
谢褍屑锌邪褔,,1047
谢褍锌懈褌懈,,1048
谢褍褋褌械褉,,1049
谢褍褌泻邪褉,,1050
谢褍褑薪褍褌,,1051
褭械褋泻邪胁,,1052
褭褍褭邪胁芯,,1053
褭褍褭泻邪胁,,1054
褭褍屑邪褌懈,,1055
褭褍褋泻邪胁,,1056
褭褍褋泻邪褕,,1057
褭褍褋锌邪胁,,1058
屑邪谐邪褉械,,1059
屑邪谐谢械薪,,1060
屑邪谐谢懈薪,,1061
屑邪谐薪邪褌,,1062
屑邪谐薪褍屑,,1063
屑邪写褉邪褑,,1064
屑邪蟹邪谢芯,,1065
屑邪蟹谐邪褉,,1066
屑邪蟹谐懈褯,,1067
屑邪蟹谐芯胁,,1068
屑邪泻褋懈屑,,1069
屑邪谢懈褕邪,,1070
屑邪薪谐邪谢,,1071
屑邪薪谐邪薪,,1072
屑邪薪谐褍锌,,1073
屑邪薪写邪谢,,1074
屑邪薪写邪褌,,1075
屑邪薪褌懈谢,,1076
屑邪薪褍邪谢,,1077
屑邪薪褍褌懈,,1078
屑邪褮懈褌懈,,1079
屑邪褮泻邪胁,,1080
屑邪褉邪斜褍,,1081
屑邪褉褭懈胁,,1082
屑邪褉褌懈褉,,1083
屑邪褋邪泻褉,,1084
屑邪褋薪懈泻,,1085
屑邪褋褌邪薪,,1086
屑邪褌褉芯蟹,,1087
屑邪褏薪懈褌,,1088
屑邪褕褌邪褉,,1089
屑械胁谢褍写,,1090
屑械谐写邪薪,,1091
屑械写邪褋褌,,1092
屑械写懈褌懈,,1093
屑械褣懈褌懈,,1094
屑械褣薪懈泻,,1095
屑械蟹写褉邪,,1096
屑械泻芯褋褌,,1097
屑械谢邪薪卸,,1098
屑械谢懈褋邪,,1099
屑械屑褭懈胁,,1100
屑械屑芯邪褉,,1101
屑械薪褌邪谢,,1102
屑械薪褏懈褉,,1103
屑械褉懈薪芯,,1104
屑械褉懈褑邪,,1105
屑械褉泻褍褉,,1106
屑械褉屑械褉,,1107
屑械褋懈褌懈,,1108
屑械褋薪邪褌,,1109
屑械褌邪褌懈,,1110
屑械褌械芯褉,,1111
屑械褌谢邪褉,,1112
屑械褔邪褌懈,,1113
屑械褔泻邪褉,,1114
屑懈谐邪褌懈,,1115
屑懈泻褉写斜,,1116
屑懈泻褉芯薪,,1117
屑懈谢械褌懈,,1118
屑懈谢懈芯薪,,1119
屑懈谢懈褌懈,,1120
屑懈谢芯芯泻,,1121
屑懈谢芯褋褌,,1122
屑懈谢芯褌邪,,1123
屑懈褭械褌懈,,1124
屑懈薪褍谢懈,,1125
屑懈芯褑械薪,,1126
屑懈褉褋泻懈,,1127
屑懈褋邪芯薪,,1128
屑懈褋褌懈泻,,1129
屑懈褌懈薪谐,,1130
屑懈褌懈褌懈,,1131
屑懈褌褋泻懈,,1132
屑懈褕邪褋褌,,1133
屑谢邪写邪褉,,1134
屑谢邪写懈薪,,1135
屑谢邪写懈褯,,1136
屑谢邪蟹懈褯,,1137
屑谢邪蟹薪懈,,1138
屑谢邪褌邪褔,,1139
屑谢邪褔邪薪,,1140
屑谢懈褌邪胁,,1141
屑谢芯褏邪胁,,1142
屑芯写褉褍褭,,1143
屑芯谢斜械薪,,1144
屑芯谢懈褌懈,,1145
屑芯屑褔懈褯,,1146
屑芯薪邪褉褏,,1147
屑芯薪写械薪,,1148
屑芯薪褋褌褉,,1149
屑芯薪褋褍薪,,1150
屑芯薪褌械褉,,1151
屑芯褉懈薪邪,,1152
屑芯褉懈芯薪,,1153
屑芯褉懈褌懈,,1154
屑芯褉屑芯薪,,1155
屑芯褉薪邪褉,,1156
屑芯褉褋泻懈,,1157
屑芯褉褌褍褋,,1158
屑芯褉褎懈薪,,1159
屑芯褋褌邪褉,,1160
屑芯褋褌懈褯,,1161
屑芯褌邪褌懈,,1162
屑芯褌泻邪褕,,1163
屑芯褔懈褌懈,,1164
屑褉邪胁邪泻,,1165
屑褉邪蟹邪薪,,1166
屑褉邪蟹懈褯,,1167
屑褉邪屑芯褉,,1168
屑褉胁邪褋褌,,1169
屑褉胁懈褌懈,,1170
屑褉写邪褌懈,,1171
屑褉蟹芯褋褌,,1172
屑褉泻邪褋褌,,1173
屑褉泻芯褋褌,,1174
屑褉褭邪胁芯,,1175
屑褉褋懈褌懈,,1176
屑褉褌胁邪褑,,1177
屑褍写褉邪褑,,1178
屑褍蟹谐邪胁,,1179
屑褍蟹懈褭邪,,1180
屑褍泻芯懈写,,1181
屑褍泻褌邪褕,,1182
屑褍褭懈褌懈,,1183
屑褍褋谢懈薪,,1184
屑褍褌褭邪谐,,1185
屑褍褎褭褍蟹,,1186
屑褍褑邪褌懈,,1187
屑褍褔邪褌懈,,1188
屑褍褔懈谢邪,,1189
屑褍褔懈褌懈,,1190
屑褍褕泻邪褌,,1191
薪邪斜褉邪薪,,1192
薪邪胁邪谢邪,,1193
薪邪胁懈泻邪,,1194
薪邪胁懈褯懈,,1195
薪邪胁褉邪褌,,1196
薪邪胁褍褯懈,,1197
薪邪谐薪褍褌,,1198
薪邪谐褮懈芯,,1199
薪邪写邪褌懈,,1200
薪邪写懈褯懈,,1201
薪邪写屑芯褯,,1202
薪邪写褍褌懈,,1203
薪邪蟹褉械芯,,1204
薪邪蟹褍褌懈,,1205
薪邪懈胁邪薪,,1206
薪邪懈胁邪褑,,1207
薪邪泻邪薪邪,,1208
薪邪泻谢芯薪,,1209
薪邪泻芯褋芯,,1210
薪邪谢械褯懈,,1211
薪邪屑械薪邪,,1212
薪邪薪械褌懈,,1213
薪邪芯锌邪泻,,1214
薪邪芯褋芯斜,,1215
薪邪锌懈褌懈,,1216
薪邪锌芯褭褍,,1217
薪邪锌褍褯懈,,1218
薪邪褉邪薪褔,,1219
薪邪褉胁邪谢,,1220
薪邪褋械褯懈,,1221
薪邪褋褍褏芯,,1222
薪邪褌械褯懈,,1223
薪邪褯胁邪褉,,1224
薪邪褍屑邪薪,,1225
薪邪褍褔邪薪,,1226
薪邪褍褔薪懈,,1227
薪邪褎褌邪褉,,1228
薪邪褎褌斜谢,,1229
薪邪褏械褉芯,,1230
薪邪褑懈褋褌,,1231
薪械斜褉邪褌,,1232
薪械写褉邪谐,,1233
薪械卸械褮邪,,1234
薪械蟹胁邪薪,,1235
薪械蟹褉械芯,,1236
薪械懈屑邪褉,,1237
薪械屑邪谢懈,,1238
薪械屑邪褌懈,,1239
薪械屑芯褯邪,,1240
薪械屑褍褕褌,,1241
薪械芯谢懈褌,,1242
薪械褉邪褋褌,,1243
薪械褉胁薪懈,,1244
薪械褋谢邪薪,,1245
薪械褍褉芯薪,,1246
薪械褕褌褍薪,,1247
薪懈泻谢械薪,,1248
薪懈谢褋泻懈,,1249
薪懈褌泻芯胁,,1250
薪懈褌褉邪褌,,1251
薪懈褑邪褌懈,,1252
薪芯泻褌懈褯,,1253
薪芯泻褕懈褉,,1254
薪芯褉屑邪薪,,1255
薪芯褋懈褌懈,,1256
薪芯褋芯褮邪,,1257
薪芯褯懈褌懈,,1258
薪褍写懈褌懈,,1259
褮械屑芯褯邪,,1260
芯斜邪屑褉芯,,1261
芯斜邪褉邪褔,,1262
芯斜懈谢邪褌,,1263
芯斜懈屑邪薪,,1264
芯斜懈褔邪薪,,1265
芯斜谢邪褋褌,,1266
芯斜谢懈薪邪,,1267
芯斜谢懈褌懈,,1268
芯斜芯懈褋褌,,1269
芯斜褉薪褍褌,,1270
芯斜褉褌邪薪,,1271
芯斜褉褌邪褔,,1272
芯斜褍褯邪褉,,1273
芯胁邪泻邪胁,,1274
芯胁邪谢邪薪,,1275
芯胁械谢懈泻,,1276
芯胁械褉邪褔,,1277
芯胁懈褋芯泻,,1278
芯胁褉械褯懈,,1279
芯谐邪胁邪薪,,1280
芯谐芯谢械芯,,1281
芯谐褉褭邪泻,,1282
芯谐褉褌邪褔,,1283
芯写斜械褯懈,,1284
芯写胁懈褌懈,,1285
芯写谢懈褌懈,,1286
芯写屑邪褯懈,,1287
芯写屑芯褯懈,,1288
芯写芯褭懈胁,,1289
芯写褉械褯懈,,1290
芯写褉卸懈胁,,1291
芯写褋械褯懈,,1292
芯写褍蟹械褌,,1293
芯写褍褕邪泻,,1294
芯泻懈写邪褔,,1295
芯泻芯屑懈褌,,1296
芯泻芯褉械芯,,1297
芯泻褌邪胁邪,,1298
芯泻褍谢邪褉,,1299
芯谢芯胁邪薪,,1300
芯屑邪谢械薪,,1301
芯屑邪屑邪薪,,1302
芯屑械褋褌懈,,1303
芯屑懈褭械薪,,1304
芯屑芯褌邪褔,,1305
芯屑褉泻邪芯,,1306
芯薪邪泻邪胁,,1307
芯锌邪褋邪薪,,1308
芯锌邪褋邪褔,,1309
芯锌懈褋薪懈,,1310
芯锌懈褌薪懈,,1311
芯锌薪邪褋褌,,1312
芯锌芯蟹懈褌,,1313
芯锌褉邪褌懈,,1314
芯锌褉芯褋褌,,1315
芯锌褉褍谐邪,,1316
芯锌褋械褯懈,,1317
芯锌褯懈褌懈,,1318
芯锌褍褕邪泻,,1319
芯锌褕懈褌懈,,1320
芯褉邪谢邪薪,,1321
芯褉邪褏芯胁,,1322
芯褉斜懈褌邪,,1323
芯褉芯薪褍芯,,1324
芯褉褍卸邪薪,,1325
芯褉褍卸邪褉,,1326
芯褉褎械褍屑,,1327
芯褋芯斜械薪,,1328
芯褋芯斜懈褌,,1329
芯褋芯褉邪薪,,1330
芯褋褌邪谢懈,,1331
芯褋褌胁邪褉,,1332
芯褌邪薪邪泻,,1333
芯褌械卸邪芯,,1334
芯褌懈屑邪褔,,1335
芯褌懈褉邪褔,,1336
芯褌懈褋邪泻,,1337
芯褌泻邪褌懈,,1338
芯褌芯屑邪薪,,1339
芯褌锌懈褌懈,,1340
芯褌褉械褌懈,,1341
芯褌褉褑邪薪,,1342
芯褌褍卸邪薪,,1343
芯褌褍锌械芯,,1344
芯褎懈褑懈褉,,1345
芯褔褍胁邪薪,,1346
芯褵邪褔邪褉,,1347
芯褕褌褉邪褔,,1348
锌邪写邪褌懈,,1349
锌邪卸褭懈胁,,1350
锌邪蟹懈褌懈,,1351
锌邪泻谢械薪,,1352
锌邪泻谢懈褯,,1353
锌邪泻芯褋褌,,1354
锌邪谢懈褌懈,,1355
锌邪谢屑懈薪,,1356
锌邪屑锌褍褉,,1357
锌邪薪写褍褉,,1358
锌邪薪懈泻邪,,1359
锌邪薪褑懈褉,,1360
锌邪锌邪褌懈,,1361
锌邪锌懈褌懈,,1362
锌邪锌泻邪褉,,1363
锌邪锌褉械薪,,1364
锌邪锌褋泻懈,,1365
锌邪褉写芯薪,,1366
锌邪褉懈褌懈,,1367
锌邪褉褭邪泻,,1368
锌邪褋锌褍谢,,1369
锌邪褋褌懈褉,,1370
锌邪褋褌芯褉,,1371
锌邪褋褌褍胁,,1372
锌邪褌懈泻邪,,1373
锌邪褌懈褌懈,,1374
锌邪褌薪懈泻,,1375
锌邪褌褉芯薪,,1376
锌邪褍褕邪谢,,1377
锌邪褕褮邪泻,,1378
锌械泻褌懈薪,,1379
锌械谢械薪邪,,1380
锌械薪褵械褉,,1381
锌械褮邪褌懈,,1382
锌械褮芯邪褉,,1383
锌械锌懈褌邪,,1384
锌械锌褋懈薪,,1385
锌械褉邪褯懈,,1386
锌械褉懈泻邪,,1387
锌械褉谢芯薪,,1388
锌械褉褔懈薪,,1389
锌械褌芯褉懈,,1390
锌械褑邪褌懈,,1391
锌械褑泻邪胁,,1392
锌械褔懈褌懈,,1393
锌械褕泻懈褉,,1394
锌懈胁邪褉邪,,1395
锌懈胁褋泻懈,,1396
锌懈泻邪褌懈,,1397
锌懈泻褋谢邪,,1398
锌懈谢懈薪谐,,1399
锌懈谢懈褌懈,,1400
锌懈褭懈褌懈,,1401
锌懈薪褌械褉,,1402
锌懈芯薪懈褉,,1403
锌懈锌邪褌懈,,1404
锌懈褋邪褯懈,,1405
锌懈褋泻邪胁,,1406
锌懈褋屑械薪,,1407
锌懈褋芯邪褉,,1408
锌懈褌邪褌懈,,1409
锌懈褵邪屑邪,,1410
锌懈褕邪褌懈,,1411
锌谢邪胁邪薪,,1412
锌谢邪胁邪褑,,1413
锌谢邪泻邪褉,,1414
锌谢邪泻邪褌,,1415
锌谢邪屑械薪,,1416
锌谢邪薪械褉,,1417
锌谢邪褌邪薪,,1418
锌谢邪褌懈胁,,1419
锌谢邪褌薪懈,,1420
锌谢邪褎芯薪,,1421
锌谢邪褔邪薪,,1422
锌谢斜胁邪薪,,1423
锌谢械屑懈褯,,1424
锌谢械褋邪薪,,1425
锌谢械褋邪褔,,1426
锌谢械褋薪邪,,1427
锌谢械褋薪懈,,1428
锌谢械褋褌懈,,1429
锌谢械褌邪褉,,1430
锌谢械褌械褉,,1431
锌谢械褯邪褌,,1432
锌谢械褯泻邪,,1433
锌谢懈胁邪褔,,1434
锌谢懈褌邪泻,,1435
锌谢懈褯邪泻,,1436
锌谢芯胁邪泻,,1437
锌谢芯胁泻邪,,1438
锌谢芯写邪薪,,1439
锌谢芯写芯胁,,1440
锌谢芯褋泻邪,,1441
锌谢芯褌褍薪,,1442
锌谢褍褉邪谢,,1443
锌褭褍褋邪泻,,1444
锌芯斜械褯懈,,1445
锌芯胁械褯懈,,1446
锌芯胁懈褕懈,,1447
锌芯谐薪褍褌,,1448
锌芯谐褉芯屑,,1449
锌芯谐褍褋褌,,1450
锌芯写邪褌懈,,1451
锌芯写斜褍芯,,1452
锌芯写胁懈泻,,1453
锌芯写懈褯懈,,1454
锌芯写谢邪褑,,1455
锌芯写屑械褌,,1456
锌芯写褍卸懈,,1457
锌芯写褍褭懈,,1458
锌芯写褍褋褌,,1459
锌芯卸械褌懈,,1460
锌芯蟹胁邪薪,,1461
锌芯蟹薪邪褌,,1462
锌芯泻芯褋褌,,1463
锌芯谢械褯懈,,1464
锌芯褭褋泻懈,,1465
锌芯屑邪褮懈,,1466
锌芯屑邪褌懈,,1467
锌芯屑邪褯懈,,1468
锌芯屑谢邪写,,1469
锌芯屑褮懈胁,,1470
锌芯屑芯褯懈,,1471
锌芯薪械泻懈,,1472
锌芯薪械泻芯,,1473
锌芯薪械褌懈,,1474
锌芯薪懈褯懈,,1475
锌芯薪芯胁邪,,1476
锌芯薪褌芯薪,,1477
锌芯锌懈褌懈,,1478
锌芯锌褍薪邪,,1479
锌芯褉懈褌懈,,1480
锌芯褉薪懈褯,,1481
锌芯褉褌邪谢,,1482
锌芯褉褌懈褉,,1483
锌芯褉褍泻邪,,1484
锌芯褉褎懈褉,,1485
锌芯褋谢懈褯,,1486
锌芯褋锌邪薪,,1487
锌芯褋褉械写,,1488
锌芯褋褍褌懈,,1489
锌芯褌胁褉写,,1490
锌芯褌械褯懈,,1491
锌芯褌屑褍芯,,1492
锌芯褌芯褮懈,,1493
锌芯褌锌褍薪,,1494
锌芯褌褉褌懈,,1495
锌芯褌褍褯懈,,1496
锌芯褍蟹邪薪,,1497
锌芯褍褔邪薪,,1498
锌芯褏邪褉邪,,1499
锌芯褔邪褋褌,,1500
锌芯褔褍褌懈,,1501
锌芯褕褌械薪,,1502
锌褉邪胁邪褑,,1503
锌褉邪胁薪懈,,1504
锌褉邪蟹邪薪,,1505
锌褉邪谢懈泻,,1506
锌褉邪屑邪褑,,1507
锌褉邪锌芯褉,,1508
锌褉邪褋邪褑,,1509
锌褉邪褕邪泻,,1510
锌褉邪褕邪薪,,1511
锌褉斜锌邪褮,,1512
锌褉械斜械芯,,1513
锌褉械胁械芯,,1514
锌褉械谐邪褭,,1515
锌褉械谐芯褉,,1516
锌褉械写褮懈,,1517
锌褉械写褍谐,,1518
锌褉械蟹邪芯,,1519
锌褉械泻芯锌,,1520
锌褉械谢邪泻,,1521
锌褉械谢邪褌,,1522
锌褉械褭褍褌,,1523
锌褉械屑械泻,,1524
锌褉械屑械褉,,1525
锌褉械屑懈芯,,1526
锌褉械屑芯褉,,1527
锌褉械屑芯褯,,1528
锌褉械锌械泻,,1529
锌褉械褋懈褌,,1530
锌褉械褋褌懈,,1531
锌褉械褋褌芯,,1532
锌褉械褌懈芯,,1533
锌褉械褌懈褏,,1534
锌褉械褎懈薪,,1535
锌褉械褔邪褑,,1536
锌褉卸懈褌懈,,1537
锌褉懈写械胁,,1538
锌褉懈谢邪蟹,,1539
锌褉懈屑邪褌,,1540
锌褉懈屑邪褔,,1541
锌褉懈锌械胁,,1542
锌褉懈锌懈褋,,1543
锌褉懈锌懈褌,,1544
锌褉懈锌芯薪,,1545
锌褉懈褋邪薪,,1546
锌褉懈褌褍锌,,1547
锌褉芯斜薪懈,,1548
锌褉芯胁械芯,,1549
锌褉芯蟹薪懈,,1550
锌褉芯泻芯褋,,1551
锌褉芯谢邪蟹,,1552
锌褉芯屑懈谢,,1553
锌褉芯屑锌褌,,1554
锌褉芯锌邪薪,,1555
锌褉芯锌邪芯,,1556
锌褉芯锌褍褏,,1557
锌褉芯褉芯胁,,1558
锌褉芯褋邪褑,,1559
锌褉芯褋械薪,,1560
锌褉芯褌芯泻,,1561
锌褉芯褌芯薪,,1562
锌褉芯褎邪薪,,1563
锌褉芯褎械褌,,1564
锌褉芯褎懈谢,,1565
锌褉芯褎懈褌,,1566
锌褉芯褕谢懈,,1567
锌褉芯褕谢芯,,1568
锌褉褋薪褍芯,,1569
锌褉褋褌邪褌,,1570
锌褉褋褌邪褑,,1571
锌褉褋褌械薪,,1572
锌褉褌懈褌懈,,1573
锌褉褯邪褋褌,,1574
锌褉褍褌邪泻,,1575
锌褉褍褌懈褯,,1576
锌褉褏邪褌懈,,1577
锌褉褑邪褌懈,,1578
锌褋械褌邪褉,,1579
锌褋懈泻邪胁,,1580
锌褋芯胁邪褔,,1581
锌褍胁邪谢芯,,1582
锌褍卸邪褋褌,,1583
锌褍蟹邪褌懈,,1584
锌褍蟹邪褯懈,,1585
锌褍蟹懈褌懈,,1586
锌褍薪懈褌懈,,1587
锌褍薪懈褑邪,,1588
锌褍锌邪褋褌,,1589
锌褍锌邪褌懈,,1590
锌褍锌懈褌懈,,1591
锌褍褉懈褌懈,,1592
锌褍褋薪懈泻,,1593
锌褍褌邪褋褌,,1594
锌褍褑邪褌懈,,1595
锌褍褑泻邪胁,,1596
锌褍褕邪褉邪,,1597
锌褍褕褭懈胁,,1598
锌褔械谢邪褉,,1599
锌褔械谢邪褑,,1600
褉邪斜懈褌懈,,1601
褉邪斜褭懈胁,,1602
褉邪胁褮邪褔,,1603
褉邪谐邪褋褌,,1604
褉邪谐谢邪薪,,1605
褉邪写懈褌懈,,1606
褉邪写褭懈胁,,1607
褉邪写芯褋褌,,1608
褉邪卸褮懈褯,,1609
褉邪蟹斜芯褉,,1610
褉邪蟹胁芯蟹,,1611
褉邪蟹写械芯,,1612
褉邪蟹写褉褌,,1613
褉邪蟹懈薪邪,,1614
褉邪蟹懈褯懈,,1615
褉邪蟹谢邪蟹,,1616
褉邪蟹褉芯泻,,1617
褉邪泻懈褌邪,,1618
褉邪屑锌邪褉,,1619
褉邪薪懈褌懈,,1620
褉邪薪褔械褉,,1621
褉邪锌褋芯写,,1622
褉邪褋泻芯褕,,1623
褉邪褕懈褌懈,,1624
褉胁邪褔泻懈,,1625
褉械胁邪褌懈,,1626
褉械谐懈芯薪,,1627
褉械谐褉褍褌,,1628
褉械写邪褌懈,,1629
褉械卸邪褌懈,,1630
褉械卸薪邪褌,,1631
褉械卸薪懈褯,,1632
褉械卸褮懈褯,,1633
褉械蟹斜邪褉,,1634
褉械蟹懈褌懈,,1635
褉械泻芯褉写,,1636
褉械薪芯屑械,,1637
褉械锌邪褋褌,,1638
褉械锌芯褮邪,,1639
褉械锌褌懈谢,,1640
褉械褋邪褋褌,,1641
褉械褋邪褌懈,,1642
褉械褋泻邪胁,,1643
褉械褋泻懈褉,,1644
褉械褌懈薪邪,,1645
褉械褎褉械薪,,1646
褉械褕懈褌懈,,1647
褉懈斜邪褯懈,,1648
褉懈谐邪褌懈,,1649
褉懈写邪褌懈,,1650
褉懈褣邪褋褌,,1651
褉懈褣褍褕邪,,1652
褉懈卸芯褌芯,,1653
褉懈蟹芯懈写,,1654
褉懈褭邪褌懈,,1655
褉懈屑褋泻懈,,1656
褉懈芯谢懈褌,,1657
褉懈褋邪褋褌,,1658
褉懈褋邪褌懈,,1659
褉懈褌邪褌懈,,1660
褉懈褌褋泻懈,,1661
褉懈褌褍邪谢,,1662
褉屑斜邪褌懈,,1663
褉芯斜懈褌懈,,1664
褉芯胁懈褌懈,,1665
褉芯谐褭邪褕,,1666
褉芯谐褭懈褯,,1667
褉芯卸邪褋褌,,1668
褉芯卸薪邪褌,,1669
褉芯泻邪写邪,,1670
褉芯泻芯泻芯,,1671
褉芯薪懈褌懈,,1672
褉芯褋懈褌懈,,1673
褉芯褋薪邪褌,,1674
褉芯褔懈褌懈,,1675
褉褍写邪褋褌,,1676
褉褍写械褌懈,,1677
褉褍写懈薪邪,,1678
褉褍泻褋邪泻,,1679
褉褍屑邪褌懈,,1680
褉褍屑械薪芯,,1681
褉褍薪邪褋褌,,1682
褉褍薪写邪胁,,1683
褉褍褔邪褌懈,,1684
褉褍褔薪懈泻,,1685
褋邪斜褭邪褉,,1686
褋邪斜褭邪褕,,1687
褋邪斜褉邪薪,,1688
褋邪胁懈褌懈,,1689
褋邪谐薪褍芯,,1690
褋邪写懈褌懈,,1691
褋邪写褉褍褌,,1692
褋邪谢邪褋褌,,1693
褋邪谢褔懈褯,,1694
褋邪屑芯褯邪,,1695
褋邪屑芯褍泻,,1696
褋邪屑锌邪薪,,1697
褋邪屑褋邪褉,,1698
褋邪屑褋芯胁,,1699
褋邪薪械褌懈,,1700
褋邪薪褋泻懈,,1701
褋邪薪褌懈屑,,1702
褋邪芯薪懈泻,,1703
褋邪褉泻芯屑,,1704
褋邪褋械褯懈,,1705
褋邪褌邪褉邪,,1706
褋邪褌褭懈泻,,1707
褋邪褌褉褌懈,,1708
褋邪褕褉褕懈,,1709
褋胁械写械薪,,1710
褋胁械蟹械薪,,1711
褋胁械泻邪褉,,1712
褋胁械屑芯褯,,1713
褋胁械褔邪薪,,1714
褋胁械褔邪褉,,1715
褋胁懈斜邪褮,,1716
褋胁懈谢邪褉,,1717
褋胁懈谢械薪,,1718
褋胁懈褮邪褉,,1719
褋胁懈褮邪褑,,1720
褋胁懈褮褔械,,1721
褋胁懈褉邪褑,,1722
褋胁懈褉邪褔,,1723
褋胁懈褉械锌,,1724
褋胁懈褌邪泻,,1725
褋胁懈褌械褉,,1726
褋胁芯写邪薪,,1727
褋胁褉写邪芯,,1728
褋胁褉褕械薪,,1729
褋械胁写邪褏,,1730
褋械写邪褌懈,,1731
褋械写懈褌懈,,1732
褋械写谢邪褉,,1733
褋械写屑邪泻,,1734
褋械泻褌邪褕,,1735
褋械谢褋泻懈,,1736
褋械薪蟹邪谢,,1737
褋械锌邪褉械,,1738
褋械褉胁邪谢,,1739
褋械褉胁懈蟹,,1740
褋械褉胁懈褋,,1741
褋械褉写邪褉,,1742
褋懈胁邪褋褌,,1743
褋懈胁懈薪邪,,1744
褋懈胁芯褋褌,,1745
褋懈胁芯褯邪,,1746
褋懈胁褍褭邪,,1747
褋懈谐邪褋褌,,1748
褋懈谐薪邪谢,,1749
褋懈泻褌邪胁,,1750
褋懈谢懈褌懈,,1751
褋懈屑斜芯谢,,1752
褋懈屑胁芯谢,,1753
褋懈薪谐邪胁,,1754
褋懈薪褔懈褯,,1755
褋懈锌邪褌懈,,1756
褋懈锌懈褌懈,,1757
褋懈锌泻邪胁,,1758
褋懈锌褭懈胁,,1759
褋懈褉懈谢芯,,1760
褋懈褉懈褌懈,,1761
褋懈褉泻芯胁,,1762
褋懈褉芯褌懈,,1763
褋懈褉芯褔械,,1764
褋懈褋邪褋褌,,1765
褋懈褋邪褌懈,,1766
褋懈褋褌械屑,,1767
褋懈褌邪褋褌,,1768
褋懈褌邪褔邪,,1769
褋懈褌懈褌懈,,1770
褋懈褌薪懈褕,,1771
褋懈褌芯褋褌,,1772
褋泻邪泻邪褔,,1773
褋泻邪褮懈胁,,1774
褋泻胁懈泻邪,,1775
褋泻械谢邪褉,,1776
褋泻懈褌邪褔,,1777
褋泻懈褌褮邪,,1778
褋泻芯斜邪褭,,1779
褋泻芯褔邪薪,,1780
褋泻褉褏邪薪,,1781
褋泻褍锌薪懈,,1782
褋泻褍褔械薪,,1783
褋谢邪斜懈褯,,1784
褋谢邪胁邪薪,,1785
褋谢邪胁械薪,,1786
褋谢邪谐邪褔,,1787
褋谢邪屑械薪,,1788
褋谢邪锌懈褯,,1789
褋谢邪褌泻斜,,1790
褋谢斜胁薪懈,,1791
褋谢械褌薪懈,,1792
褋谢懈胁械薪,,1793
褋谢懈胁薪懈,,1794
褋谢懈薪邪胁,,1795
褋谢懈褔邪薪,,1796
褋谢芯胁邪泻,,1797
褋谢芯胁械薪,,1798
褋谢芯胁褑械,,1799
褋谢芯谐邪薪,,1800
褋谢芯卸邪薪,,1801
褋谢芯卸械薪,,1802
褋谢芯卸懈胁,,1803
褋谢芯薪褔械,,1804
褋谢褍谐邪薪,,1805
褋谢褍蟹邪胁,,1806
褋屑邪褭懈胁,,1807
褋屑械褋褌懈,,1808
褋屑械褌械薪,,1809
褋屑械褕邪泻,,1810
褋屑懈褉械薪,,1811
褋屑懈褋邪芯,,1812
褋屑谢邪褌邪,,1813
褋屑谢械褌懈,,1814
褋屑芯泻芯胁,,1815
褋屑芯谢邪胁,,1816
褋屑芯褌邪泻,,1817
褋屑芯褌邪薪,,1818
褋屑褉蟹谢芯,,1819
褋屑褉泻邪芯,,1820
褋屑褉褌邪薪,,1821
褋屑褉褔邪泻,,1822
褋屑褉褔械胁,,1823
褋屑褉褔懈薪,,1824
褋屑褍褌邪薪,,1825
褋薪懈屑邪泻,,1826
褋薪芯锌懈褯,,1827
褋芯泻邪褔械,,1828
褋芯谢邪褉邪,,1829
褋芯谢写邪褌,,1830
褋芯谢懈褌懈,,1831
褋芯屑褔懈褯,,1832
褋芯锌褉邪薪,,1833
褋芯褌芯薪邪,,1834
褋锌邪胁邪褔,,1835
褋锌邪蟹邪屑,,1836
褋锌邪薪邪褯,,1837
褋锌邪褉邪薪,,1838
褋锌邪褋褌懈,,1839
褋锌懈褋邪泻,,1840
褋锌芯褭薪懈,,1841
褋锌芯褉邪薪,,1842
褋锌褉懈薪褌,,1843
褋锌褍卸胁邪,,1844
褋锌褍褌邪薪,,1845
褋褉邪屑邪薪,,1846
褋褉斜懈褌懈,,1847
褋褉斜褭邪泻,,1848
褋褉写懈褌懈,,1849
褋褉械写褮懈,,1850
褋褉械褋褌懈,,1851
褋褉械褌邪薪,,1852
褋褉械褯邪薪,,1853
褋褉械褯泻芯,,1854
褋褉屑械薪懈,,1855
褋褉薪邪褋褌,,1856
褋褉薪写邪泻,,1857
褋褉薪写邪褯,,1858
褋褉芯写邪薪,,1859
褋褉锌邪褋褌,,1860
褋褉锌褋泻懈,,1861
褋褌邪卸械褉,,1862
褋褌邪蟹薪懈,,1863
褋褌邪泻谢芯,,1864
褋褌邪谢邪泻,,1865
褋褌邪屑械薪,,1866
褋褌邪薪邪泻,,1867
褋褌邪薪邪褉,,1868
褋褌邪褉邪褑,,1869
褋褌邪褋懈褌,,1870
褋褌邪褋懈褯,,1871
褋褌邪褌褍邪,,1872
褋褌邪褌褍褌,,1873
褋褌械蟹邪褔,,1874
褋褌械褮邪泻,,1875
褋褌械锌械薪,,1876
褋褌械褉械芯,,1877
褋褌械褯邪泻,,1878
褋褌懈褏邪褉,,1879
褋褌芯卸懈褯,,1880
褋褌芯谢邪褉,,1881
褋褌芯谢懈褯,,1882
褋褌芯屑邪泻,,1883
褋褌芯褔邪薪,,1884
褋褌芯褔邪褉,,1885
褋褌褉胁邪薪,,1886
褋褌褉胁械薪,,1887
褋褌褉械褏邪,,1888
褋褌褉懈泻邪,,1889
褋褌褉屑邪薪,,1890
褋褌褉屑薪懈,,1891
褋褌褉薪邪褌,,1892
褋褌褉薪邪褕,,1893
褋褌褉褍屑邪,,1894
褋褌褉褕邪胁,,1895
褋褌褍斜邪芯,,1896
褋褌褍斜邪褑,,1897
褋褌褍斜懈褯,,1898
褋褌褍斜薪懈,,1899
褋褌褍写邪薪,,1900
褋褌褍锌邪泻,,1901
褋褌褍锌邪褮,,1902
褋褌褍锌邪褑,,1903
褋褌褍锌懈褯,,1904
褋褌褍锌薪懈,,1905
褋褌褍褏邪褯,,1906
褋褍胁邪褔邪,,1907
褋褍胁芯写芯,,1908
褋褍蟹懈褌懈,,1909
褋褍泻褭邪胁,,1910
褋褍泻薪邪褉,,1911
褋褍谢褎邪褌,,1912
褋褍褭邪褌懈,,1913
褋褍屑械褋邪,,1914
褋褍屑懈褑邪,,1915
褋褍屑谢邪泻,,1916
褋褍屑褮懈胁,,1917
褋褍薪褔邪薪,,1918
褋褍芯斜邪芯,,1919
褋褍芯褋械褯,,1920
褋褍褉懈薪邪,,1921
褋褍褉芯胁芯,,1922
褋褍褋褌邪芯,,1923
褋褍褌芯褮懈,,1924
褋褍褏邪褔邪,,1925
褋褍褏芯褯邪,,1926
褋褏械屑邪褌,,1927
褋褏芯写邪薪,,1928
褌邪斜邪褌懈,,1929
褌邪斜懈褮邪,,1930
褌邪斜谢械褌,,1931
褌邪斜谢懈褯,,1932
褌邪斜褍褉械,,1933
褌邪卸懈褌懈,,1934
褌邪泻屑邪褑,,1935
褌邪泻褌薪懈,,1936
褌邪薪写械屑,,1937
褌邪锌褌邪胁,,1938
褌邪褉邪薪邪,,1939
褌邪褉懈褎邪,,1940
褌邪褎褌邪薪,,1941
褌胁邪褉邪薪,,1942
褌胁芯褉邪薪,,1943
褌胁芯褉邪褑,,1944
褌胁褉褣邪薪,,1945
褌械邪褌邪褉,,1946
褌械谐褭邪褔,,1947
褌械谐褭懈胁,,1948
褌械卸邪褌懈,,1949
褌械卸懈褌懈,,1950
褌械懈蟹邪屑,,1951
褌械泻褌懈褌,,1952
褌械泻褌芯薪,,1953
褌械泻褍褯懈,,1954
褌械谢械泻褋,,1955
褌械谢械褯懈,,1956
褌械芯褉斜邪,,1957
褌械锌邪褌懈,,1958
褌械锌褭懈胁,,1959
褌械褉邪褑邪,,1960
褌械褎谢芯薪,,1961
褌械褎褌械褉,,1962
褌械褕泻邪褕,,1963
褌懈谐褉懈褯,,1964
褌懈屑锌邪薪,,1965
褌懈薪褌邪薪,,1966
褌懈薪褌械薪,,1967
褌懈褮邪褌懈,,1968
褌懈锌褋泻懈,,1969
褌懈褉泻懈蟹,,1970
褌懈褋泻邪褉,,1971
褌懈褋褍褯懈,,1972
褌懈褌褉邪胁,,1973
褌懈褯懈褌懈,,1974
褌懈褕邪褌懈,,1975
褌懈褕谢械褉,,1976
褌泻邪褔泻懈,,1977
褌泻懈胁薪懈,,1978
褌谢邪锌褮邪,,1979
褌谢邪褔薪懈,,1980
褌谢芯褑褉褌,,1981
褌屑懈褔邪薪,,1982
褌屑芯褉邪薪,,1983
褌屑褍褕邪胁,,1984
褌屑褍褕邪薪,,1985
褌芯胁懈褌懈,,1986
褌芯胁薪懈泻,,1987
褌芯泻邪褌邪,,1988
褌芯泻褋懈薪,,1989
褌芯谢懈褌懈,,1990
褌芯谢褍芯谢,,1991
褌芯屑懈褌懈,,1992
褌芯薪褋泻懈,,1993
褌芯薪褍褌懈,,1994
褌芯褮邪褌懈,,1995
褌芯锌懈褌懈,,1996
褌芯锌谢懈泻,,1997
褌芯锌褭懈胁,,1998
褌芯褉斜邪泻,,1999
褌芯褉斜邪褉,,2000
褌芯褉懈薪邪,,2001
褌芯褉懈褌懈,,2002
褌芯褑懈谢芯,,2003
褌芯褔懈褌懈,,2004
褌芯褔泻懈褯,,2005
褌褉邪胁邪褮,,2006
褌褉邪胁邪褉,,2007
褌褉邪谐械写,,2008
褌褉邪褭邪胁,,2009
褌褉邪锌邪胁,,2010
褌褉邪褋邪褌,,2011
褌褉邪褏薪褌,,2012
褌褉邪褏芯屑,,2013
褌褉邪褔邪泻,,2014
褌褉邪褔械褉,,2015
褌褉谐邪褌懈,,2016
褌褉械蟹薪芯,,2017
褌褉械蟹芯褉,,2018
褌褉械褋邪胁,,2019
褌褉械褋褌懈,,2020
褌褉械褯邪泻,,2021
褌褉械褎芯胁,,2022
褌褉懈斜褍薪,,2023
褌褉懈薪邪胁,,2024
褌褉懈薪芯屑,,2025
褌褉懈褌芯薪,,2026
褌褉懈褔邪胁,,2027
褌褉泻邪褯懈,,2028
褌褉谢懈褌懈,,2029
褌褉薪褍褌懈,,2030
褌褉芯胁邪褔,,2031
褌褉芯谐芯写,,2032
褌褉芯蟹褍斜,,2033
褌褉芯薪芯谐,,2034
褌褉芯锌邪褉,,2035
褌褉芯褉械写,,2036
褌褉芯褉芯谐,,2037
褌褉芯褕邪泻,,2038
褌褉芯褕邪薪,,2039
褌褉锌褭懈胁,,2040
褌褉褋懈褌懈,,2041
褌褉褋泻邪薪,,2042
褌褉褋泻邪褉,,2043
褌褉褋泻芯胁,,2044
褌褉褋薪邪褌,,2045
褌褉褌邪褋褌,,2046
褌褉褍斜邪褔,,2047
褌褉褍褭邪胁,,2048
褌褉褍薪邪泻,,2049
褌褉褍薪懈褯,,2050
褌褉褍薪泻邪,,2051
褌褉褍褮邪胁,,2052
褌褉褍锌邪褔,,2053
褌褉褍锌懈褯,,2054
褌褉褍锌薪懈,,2055
褌褉褍褋邪泻,,2056
褌褉褍褋邪薪,,2057
褌褉褍褌芯胁,,2058
褌褉褔邪褌懈,,2059
褌褍斜邪褋褌,,2060
褌褍卸懈褌懈,,2061
褌褍蟹谢邪泻,,2062
褌褍泻薪褍褌,,2063
褌褍谢懈褌懈,,2064
褌褍屑斜械芯,,2065
褌褍薪邪褉邪,,2066
褌褍褮邪褉邪,,2067
褌褍褮泻邪胁,,2068
褌褍锌邪褋褌,,2069
褌褍锌懈褌懈,,2070
褌褍锌芯褋褌,,2071
褌褍褉斜邪薪,,2072
褌褍褉懈褌懈,,2073
褌褍褉屑邪褉,,2074
褌褍褉薪懈褉,,2075
褌褍褉褋泻懈,,2076
褌褍褑邪褌懈,,2077
褌褍褔懈褌懈,,2078
褯邪泻薪褍褌,,2079
褯邪锌懈褌懈,,2080
褯邪褉懈褌懈,,2081
褯械屑邪薪械,,2082
褯芯锌邪褌懈,,2083
褯褍斜邪褋褌,,2084
褯褍写褭懈胁,,2085
褯褍泻邪褌懈,,2086
褯褍褉谢懈薪,,2087
褯褍褌懈谢芯,,2088
褯褍褌褭懈胁,,2089
褯褍褕邪褌懈,,2090
褯褍褕懈褌懈,,2091
褯褍褕薪褍褌,,2092
褍斜懈褉邪褔,,2093
褍斜芯卸邪薪,,2094
褍斜芯褋褌懈,,2095
褍斜褍褣邪芯,,2096
褍胁邪卸械薪,,2097
褍胁邪薪褑械,,2098
褍胁械蟹邪泻,,2099
褍胁械薪褍芯,,2100
褍胁械薪褑械,,2101
褍胁械褋褌懈,,2102
褍胁械褕褑械,,2103
褍胁懈褌邪泻,,2104
褍胁褉械褌懈,,2105
褍胁褉薪褍褌,,2106
褍胁褉褕邪薪,,2107
褍胁褍褔械薪,,2108
褍谐邪褣邪褔,,2109
褍谐邪芯薪懈,,2110
褍谐邪褋懈褌,,2111
褍谐邪褋谢懈,,2112
褍谐懈斜邪芯,,2113
褍谐懈斜邪褔,,2114
褍谐褭械薪懈,,2115
褍谐薪邪褌懈,,2116
褍谐芯写邪薪,,2117
褍写邪褭械薪,,2118
褍写邪褉邪褔,,2119
褍写邪褉械薪,,2120
褍写邪褉薪懈,,2121
褍写械褋邪薪,,2122
褍写芯斜邪薪,,2123
褍写芯胁邪薪,,2124
褍写芯胁邪褑,,2125
褍写芯谢懈褌,,2126
褍卸邪褋邪薪,,2127
褍卸写懈褌懈,,2128
褍卸懈褌邪泻,,2129
褍蟹邪谢褍写,,2130
褍蟹写邪褌懈,,2131
褍蟹写懈褯懈,,2132
褍蟹屑邪褯懈,,2133
褍蟹芯褉懈褌,,2134
褍懈屑邪褌懈,,2135
褍泻懈胁邪褔,,2136
褍泻懈写邪褔,,2137
褍泻芯锌薪懈,,2138
褍泻芯褔械薪,,2139
褍泻褉褑薪懈,,2140
褍泻褍锌邪薪,,2141
褍泻褍褋邪薪,,2142
褍谢邪谐邪褔,,2143
褍谢邪蟹邪泻,,2144
褍谢邪蟹薪懈,,2145
褍褭邪薪懈泻,,2146
褍褭械褋泻懈,,2147
褍褭褍写邪薪,,2148
褍屑械褋褌懈,,2149
褍屑械褌邪泻,,2150
褍屑械褌邪褔,,2151
褍屑懈谢邪薪,,2152
褍屑懈褭邪褌,,2153
褍屑懈褉邪薪,,2154
褍屑懈褉斜邪,,2155
褍屑薪芯褋褌,,2156
褍屑芯泻邪褑,,2157
褍屑芯褭懈胁,,2158
褍屑芯褉邪薪,,2159
褍屑褍褋褌懈,,2160
褍薪懈褋芯薪,,2161
褍薪褍褔泻懈,,2162
褍褮泻邪褌懈,,2163
褍芯褉懈褌懈,,2164
褍芯褔褭懈胁,,2165
褍锌邪写邪薪,,2166
褍锌邪褭邪褔,,2167
褍锌邪褭懈胁,,2168
褍锌邪褋褌懈,,2169
褍锌懈褋邪薪,,2170
褍锌懈褌薪懈,,2171
褍锌谢邪褌邪,,2172
褍锌芯褉邪薪,,2173
褍锌褉械褌懈,,2174
褍锌褉褌邪褔,,2175
褍锌褍褯械薪,,2176
褍褉邪谐邪薪,,2177
褍褉邪薪懈褌,,2178
褍褉邪薪芯胁,,2179
褍褉斜邪薪懈,,2180
褍褉胁邪褌懈,,2181
褍褉胁懈薪邪,,2182
褍褉械写邪薪,,2183
褍褉屑械薪懈,,2184
褍褉芯褣械薪,,2185
褍褉芯褔邪泻,,2186
褍褉芯褔邪薪,,2187
褍褋械褭懈胁,,2188
褍褋懈褭械薪,,2189
褍褋懈褉邪泻,,2190
褍褋懈褋薪懈,,2191
褍褋泻芯褋褌,,2192
褍褋泻芯褯邪,,2193
褍褋薪懈褌懈,,2194
褍褋锌邪褉邪,,2195
褍褋锌械褌懈,,2196
褍褋褉写邪薪,,2197
褍褋褌芯泻邪,,2198
褍褋褌褍褯懈,,2199
褍褋褍写邪薪,,2200
褍褋褍泻邪薪,,2201
褍褌邪卸懈胁,,2202
褍褌胁褉写邪,,2203
褍褌械褉褍褋,,2204
褍褌懈泻邪褔,,2205
褍褌懈褉邪褔,,2206
褍褌芯褭懈胁,,2207
褍褌褍卸懈胁,,2208
褍褌褍褔械薪,,2209
褍褏芯写邪薪,,2210
褍褑泻邪褌懈,,2211
褍褔械胁邪薪,,2212
褍褔械褮邪泻,,2213
褍褕械薪邪褑,,2214
褎邪谢懈褌懈,,2215
褎邪褉邪芯薪,,2216
褎邪褉斜邪褉,,2217
褎邪褉屑械褉,,2218
褎械褭褌芯薪,,2219
褎械褉屑邪薪,,2220
褎懈斜褉芯屑,,2221
褎懈泻褋懈褉,,2222
褎懈泻褋薪懈,,2223
褎懈谢褌邪褉,,2224
褎懈谢褑邪薪,,2225
褎懈谢褵邪薪,,2226
褎懈屑芯蟹邪,,2227
褎懈薪邪谢械,,2228
褎懈褉薪懈褋,,2229
褎懈褋泻邪谢,,2230
褎懈褋泻褍褋,,2231
褎懈褌薪械褋,,2232
褎谢邪薪械谢,,2233
褎谢械泻邪胁,,2234
褎芯薪械屑邪,,2235
褎芯褉屑邪褌,,2236
褎芯褋褎邪褌,,2237
褎褉邪薪邪泻,,2238
褎褉邪褌邪褉,,2239
褎褉褭邪褌懈,,2240
褎褉褭懈褌懈,,2241
褎褉芯褌懈褉,,2242
褎褉褍谢邪褉,,2243
褎褉褑邪褌懈,,2244
褎褉褔邪褌懈,,2245
褎褍泻邪褌懈,,2246
褎褍褉谐芯薪,,2247
褎褍褉褍薪邪,,2248
褎褍褑邪褌懈,,2249
褏邪斜邪褌懈,,2250
褏邪屑邪写邪,,2251
褏邪薪褵邪褉,,2252
褏邪褉锌褍薪,,2253
褏胁邪褌邪褔,,2254
褏械褉斜邪褉,,2255
褏械褉械蟹邪,,2256
褏械褉懈褌懈,,2257
褏械褌械褉邪,,2258
褏懈写褉邪褌,,2259
褏懈屑斜械薪,,2260
褏懈褌邪褌懈,,2261
褏懈褌懈褌懈,,2262
褏谢邪写邪薪,,2263
褏谢邪褣邪薪,,2264
褏谢芯褉懈褌,,2265
褏屑械褭邪褉,,2266
褏芯褉写邪褕,,2267
褏芯褉懈褋褌,,2268
褏芯褉屑芯薪,,2269
褏芯褋褌械谢,,2270
褏褉邪斜邪褉,,2271
褏褉邪屑懈褯,,2272
褏褉邪褮懈胁,,2273
褏褉邪锌邪胁,,2274
褏褉邪褔邪泻,,2275
褏褉懈写邪薪,,2276
褏褉懈锌邪胁,,2277
褏褉谢懈褌懈,,2278
褏褉芯锌邪褑,,2279
褏褉芯锌芯褌,,2280
褏褉褋泻邪胁,,2281
褏褉褌懈褑邪,,2282
褏褉褔泻芯胁,,2283
褏褍泻褌邪胁,,2284
褏褍谢懈褌懈,,2285
褏褍屑褔懈褯,,2286
褏褍褮泻邪胁,,2287
褏褍褔邪褌懈,,2288
褑邪泻邪褌懈,,2289
褑邪泻谢械薪,,2290
褑邪褉懈褋褌,,2291
褑邪褉褋泻懈,,2292
褑胁邪褋褌懈,,2293
褑胁械褌邪褉,,2294
褑胁懈泻械褉,,2295
褑胁芯褮邪泻,,2296
褑胁褉褔邪泻,,2297
褑械写懈谢芯,,2298
褑械写懈褌懈,,2299
褑械谢懈褌懈,,2300
褑械谢褑邪褌,,2301
褑械薪懈褌懈,,2302
褑械薪褌邪褉,,2303
褑械锌懈褌懈,,2304
褑械褉懈褌懈,,2305
褑懈谐谢邪薪,,2306
褑懈谐谢邪褉,,2307
褑懈谐谢械薪,,2308
褑懈谐褍褉邪,,2309
褑懈泻邪褌懈,,2310
褑懈泻谢芯薪,,2311
褑懈泻褌邪胁,,2312
褑懈褭邪薪芯,,2313
褑懈屑邪褌懈,,2314
褑懈薪泻邪薪,,2315
褑懈薪泻械褉,,2316
褑懈薪泻芯胁,,2317
褑懈薪褔邪薪,,2318
褑懈褉泻芯薪,,2319
褑懈褌褉邪褌,,2320
褑懈褑械褉芯,,2321
褑屑芯泻邪褑,,2322
褑芯泻懈褌懈,,2323
褑褉胁邪褌懈,,2324
褑褉胁褭懈胁,,2325
褑褉械胁邪褉,,2326
褑褉械锌邪薪,,2327
褑褉泻薪褍褌,,2328
褑褉薪械褌懈,,2329
褑褉薪懈泻邪,,2330
褑褉薪芯芯泻,,2331
褑褉薪芯褋褌,,2332
褑褉褮械褌懈,,2333
褑褉锌邪谢芯,,2334
褑褉锌懈褌懈,,2335
褑褉锌褋褌懈,,2336
褑褉褌邪薪懈,,2337
褑褉褌邪褌懈,,2338
褑褉褌邪褯懈,,2339
褑褍锌泻邪胁,,2340
褑褍褉懈褌懈,,2341
褑褍褑邪褌懈,,2342
褔邪斜褉懈褯,,2343
褔邪写懈褌懈,,2344
褔邪褣邪褋褌,,2345
褔邪褣懈褌懈,,2346
褔邪屑懈褌懈,,2347
褔邪屑褔懈褯,,2348
褔邪薪褔邪褉,,2349
褔邪锌褭懈薪,,2350
褔邪褉泻邪褉,,2351
褔邪褉褕邪胁,,2352
褔邪褋懈褌懈,,2353
褔邪褋泻芯屑,,2354
褔邪褋褌邪薪,,2355
褔邪褌懈褌懈,,2356
褔邪褕邪褋褌,,2357
褔胁斜褉邪薪,,2358
褔胁芯泻邪褑,,2359
褔胁芯褉邪胁,,2360
褔胁芯褉邪泻,,2361
褔胁芯褉懈褯,,2362
褔胁褉泻邪褑,,2363
褔胁褉褋褌芯,,2364
褔械卸褮懈胁,,2365
褔械谢懈褋褌,,2366
褔械褭邪写械,,2367
褔械锌懈褌懈,,2368
褔械褉谐邪褉,,2369
褔械褉谐邪褕,,2370
褔械褋褌邪褉,,2371
褔械褋褌懈褌,,2372
褔械褌懈褌懈,,2373
褔械褏邪褌懈,,2374
褔械褔邪褌懈,,2375
褔械褕褭邪褔,,2376
褔懈蟹屑邪褉,,2377
褔懈泻邪褌懈,,2378
褔懈谢芯褋褌,,2379
褔懈薪懈褌懈,,2380
褔懈锌泻邪薪,,2381
褔懈褉邪褋褌,,2382
褔懈褋褌邪褑,,2383
褔懈褋褌邪褔,,2384
褔懈褋褌泻邪,,2385
褔懈褌邪褌懈,,2386
褔懈褌褭懈胁,,2387
褔懈褔泻邪胁,,2388
褔屑邪褉薪懈,,2389
褔屑懈褔邪泻,,2390
褔褍写懈褌懈,,2391
褔褍泻邪褌懈,,2392
褔褍褮邪褋褌,,2393
褔褍锌邪褋褌,,2394
褔褍锌邪褌懈,,2395
褔褍褔邪褌懈,,2396
褔褍褔械褯懈,,2397
褵邪泻邪褌懈,,2398
褵邪屑斜邪褋,,2399
褵邪锌邪褌懈,,2400
褵械蟹懈褋褌,,2401
褵械薪褌褉懈,,2402
褵械锌褔懈褯,,2403
褵芯屑斜邪胁,,2404
褕邪斜谢芯薪,,2405
褕邪泻邪褋褌,,2406
褕邪谢懈褑邪,,2407
褕邪谢褔懈褯,,2408
褕邪屑锌芯薪,,2409
褕邪薪卸邪薪,,2410
褕邪薪褌邪胁,,2411
褕邪锌褌邪胁,,2412
褕邪锌褌邪褔,,2413
褕邪褉邪褋褌,,2414
褕邪褏懈褮邪,,2415
褕胁褉褯泻芯,,2416
褕械褉邪褋邪,,2417
褕械褋褌邪泻,,2418
褕懈锌泻芯胁,,2419
褕懈锌褉邪谐,,2420
褕懈褑邪褌懈,,2421
褕懈褕褌邪胁,,2422
褕泻械屑斜械,,2423
褕泻械屑斜芯,,2424
褕泻懈褭邪胁,,2425
褕泻芯谢邪褑,,2426
褕泻芯锌邪褑,,2427
褕泻褉斜邪胁,,2428
褕泻褉谐褍褌,,2429
褕谢械锌邪褉,,2430
褕褭芯泻邪胁,,2431
褕褭芯泻邪褉,,2432
褕褭褍薪邪泻,,2433
褕屑械泻械褉,,2434
褕屑芯泻褭邪,,2435
褕屑芯泻褭芯,,2436
褕屑褉褑邪胁,,2437
褕褌邪斜邪褑,,2438
褕褌邪胁邪褭,,2439
褕褌邪谐邪褭,,2440
褕褌邪泻芯褉,,2441
褕褌邪锌邪褑,,2442
褕褌邪锌懈薪,,2443
褕褌邪锌懈褯,,2444
褕褌邪锌褔械,,2445
褕褌械薪褑械,,2446
褕褌械褌邪薪,,2447
褕褌懈褌邪褑,,2448
褕褌懈褌懈褯,,2449
褕褌芯褎邪薪,,2450
褕褌褉泻邪褭,,2451
褕褌褉泻褭芯,,2452
褕褌褉褭邪泻,,2453
褕褌褍褉邪泻,,2454
褕褍薪泻邪褕,,2455
褕褍褌芯褮邪,,2456
褕褍褕邪褋褌,,2457
褕褍褕泻邪胁,,2458
褕褍褕褮邪胁,,2459
褕褍褕褮邪褉,,2460
褕褍褕褮邪褌,,2461
褕褍褕褌邪胁,,2462
褕褍褕褌邪褮,,2463