word,decision,source,page,confidence,status,reason,hint,sort_order
азотов,approved,pdf_candidate,22,medium,needs_review,lowercase-entry|previous-line-closed,,
аполон,approved,pdf_candidate,41,medium,needs_review,inflection-after-comma|previous-line-closed|ocr-noise-near-entry,,
аскеза,approved,pdf_candidate,48,medium,needs_review,lowercase-entry|previous-line-closed,,
бавити,approved,pdf_candidate,1082,medium,needs_review,lowercase-entry|previous-line-closed,,
базало,approved,pdf_candidate,58,medium,needs_review,lowercase-entry|previous-line-closed,,
бакрен,approved,pdf_candidate,59,medium,needs_review,lowercase-entry|previous-line-closed,,
бакута,approved,pdf_candidate,60,medium,needs_review,lowercase-entry|previous-line-closed,,
банити,approved,pdf_candidate,62,medium,needs_review,lowercase-entry|previous-line-closed,,
баница,approved,pdf_candidate,62,medium,needs_review,lowercase-entry|previous-line-closed,,
бантам,approved,pdf_candidate,63,medium,needs_review,lowercase-entry|previous-line-closed,,
бармен,approved,pdf_candidate,64,medium,needs_review,lowercase-entry|previous-line-closed,,
баскет,approved,pdf_candidate,65,medium,needs_review,lowercase-entry|previous-line-closed,,
бацити,approved,pdf_candidate,856,medium,needs_review,lowercase-entry|previous-line-closed,,
белити,approved,pdf_candidate,74,medium,needs_review,lowercase-entry|previous-line-closed,,
белоња,approved,pdf_candidate,75,medium,needs_review,lowercase-entry|previous-line-closed,,
белцат,approved,pdf_candidate,75,medium,needs_review,lowercase-entry|previous-line-closed,,
беочуг,approved,pdf_candidate,76,medium,needs_review,lowercase-entry|previous-line-closed,,
бербер,approved,pdf_candidate,77,medium,needs_review,lowercase-entry|previous-line-closed,,
бесник,approved,pdf_candidate,79,medium,needs_review,lowercase-entry|previous-line-closed,,
бечити,approved,pdf_candidate,81,medium,needs_review,lowercase-entry|previous-line-closed,,
биланс,approved,pdf_candidate,83,medium,needs_review,lowercase-entry|previous-line-closed,,
блеђан,approved,pdf_candidate,91,medium,needs_review,lowercase-entry|previous-line-closed,,
блесак,approved,pdf_candidate,91,medium,needs_review,lowercase-entry|previous-line-closed,,
блесан,approved,pdf_candidate,91,medium,needs_review,lowercase-entry|previous-line-closed,,
блефер,approved,pdf_candidate,91,medium,needs_review,lowercase-entry|previous-line-closed,,
богиља,approved,pdf_candidate,94,medium,needs_review,lowercase-entry|previous-line-closed,,
болник,approved,pdf_candidate,99,medium,needs_review,lowercase-entry|previous-line-closed,,
бољети,approved,pdf_candidate,99,medium,needs_review,lowercase-entry|previous-line-closed,,
бонаца,approved,pdf_candidate,100,medium,needs_review,lowercase-entry|previous-line-closed,,
боракс,approved,pdf_candidate,100,medium,needs_review,lowercase-entry|previous-line-closed,,
борати,approved,pdf_candidate,100,medium,needs_review,lowercase-entry|previous-line-closed,,
бордел,approved,pdf_candidate,101,medium,needs_review,lowercase-entry|previous-line-closed,,
бошњак,approved,pdf_candidate,102,medium,needs_review,inflection-after-comma|previous-line-closed|ocr-noise-near-entry,,
бркоња,approved,pdf_candidate,110,medium,needs_review,lowercase-entry|previous-line-closed,,
бувара,approved,pdf_candidate,114,medium,needs_review,lowercase-entry|previous-line-closed,,
буљина,approved,pdf_candidate,117,medium,needs_review,lowercase-entry|previous-line-closed,,
бурити,approved,pdf_candidate,119,medium,needs_review,lowercase-entry|previous-line-closed,,
бусара,approved,pdf_candidate,119,medium,needs_review,lowercase-entry|previous-line-closed,,
бухара,approved,pdf_candidate,120,medium,needs_review,lowercase-entry|previous-line-closed,,
буцати,approved,pdf_candidate,120,medium,needs_review,lowercase-entry|previous-line-closed,,
бучати,approved,pdf_candidate,120,medium,needs_review,inflection-after-comma|previous-line-closed|ocr-noise-near-entry,,
вакела,approved,pdf_candidate,122,medium,needs_review,lowercase-entry|previous-line-closed,,
вежбач,approved,pdf_candidate,129,medium,needs_review,lowercase-entry|previous-line-closed,,
везиља,approved,pdf_candidate,130,medium,needs_review,lowercase-entry|previous-line-closed,,
вељача,approved,pdf_candidate,132,medium,needs_review,lowercase-entry|previous-line-closed,,
веруга,approved,pdf_candidate,135,medium,needs_review,lowercase-entry|previous-line-closed,,
већати,approved,pdf_candidate,137,medium,needs_review,lowercase-entry|previous-line-closed,,
већник,approved,pdf_candidate,138,medium,needs_review,lowercase-entry|previous-line-closed,,
виклер,approved,pdf_candidate,142,medium,needs_review,lowercase-entry|previous-line-closed,,
водити,approved,pdf_candidate,154,medium,needs_review,lowercase-entry|previous-line-closed,,
возити,approved,pdf_candidate,156,medium,needs_review,lowercase-entry|previous-line-closed,,
вољети,approved,pdf_candidate,159,medium,needs_review,lowercase-entry|previous-line-closed,,
врашки,approved,pdf_candidate,162,medium,needs_review,lowercase-entry|previous-line-closed,,
врљаво,approved,pdf_candidate,166,medium,needs_review,lowercase-entry|previous-line-closed,,
врљати,approved,pdf_candidate,166,medium,needs_review,lowercase-entry|previous-line-closed,,
врљоок,approved,pdf_candidate,166,medium,needs_review,lowercase-entry|previous-line-closed,,
врнути,approved,pdf_candidate,166,medium,needs_review,lowercase-entry|previous-line-closed,,
вртети,approved,pdf_candidate,166,medium,needs_review,lowercase-entry|previous-line-closed,,
вршити,approved,pdf_candidate,713,medium,needs_review,lowercase-entry|previous-line-closed,,
вуцати,approved,pdf_candidate,171,medium,needs_review,lowercase-entry|previous-line-closed,,
вучика,approved,pdf_candidate,171,medium,needs_review,lowercase-entry|previous-line-closed,,
гађати,approved,pdf_candidate,173,medium,needs_review,lowercase-entry|previous-line-closed,,
галити,approved,pdf_candidate,176,medium,needs_review,lowercase-entry|previous-line-closed,,
галица,approved,pdf_candidate,176,medium,needs_review,lowercase-entry|previous-line-closed,,
галота,approved,pdf_candidate,176,medium,needs_review,lowercase-entry|previous-line-closed,,
гањати,approved,pdf_candidate,176,medium,needs_review,lowercase-entry|previous-line-closed,,
герила,approved,pdf_candidate,183,medium,needs_review,lowercase-entry|previous-line-closed,,
герман,approved,pdf_candidate,183,medium,needs_review,inflection-after-comma|previous-line-closed|ocr-noise-near-entry,,
гибати,approved,pdf_candidate,184,medium,needs_review,lowercase-entry|previous-line-closed,,
глежањ,approved,pdf_candidate,191,medium,needs_review,lowercase-entry|previous-line-closed,,
голцат,approved,pdf_candidate,201,medium,needs_review,lowercase-entry|previous-line-closed,,
гонити,approved,pdf_candidate,202,medium,needs_review,lowercase-entry|previous-line-closed,,
гристи,approved,pdf_candidate,216,medium,needs_review,lowercase-entry|previous-line-closed,,
грмети,approved,pdf_candidate,217,medium,needs_review,lowercase-entry|previous-line-closed,,
гузити,approved,pdf_candidate,225,medium,needs_review,lowercase-entry|previous-line-closed,,
давати,approved,pdf_candidate,230,medium,needs_review,lowercase-entry|previous-line-closed,,
дактил,approved,pdf_candidate,231,medium,needs_review,lowercase-entry|previous-line-closed,,
датула,approved,pdf_candidate,236,medium,needs_review,lowercase-entry|previous-line-closed,,
двиска,approved,pdf_candidate,238,medium,needs_review,lowercase-entry|previous-line-closed,,
дебакл,approved,pdf_candidate,243,medium,needs_review,lowercase-entry|previous-line-closed,,
девати,approved,pdf_candidate,244,medium,needs_review,lowercase-entry|previous-line-closed,,
делити,approved,pdf_candidate,251,medium,needs_review,lowercase-entry|previous-line-closed,,
денути,approved,pdf_candidate,255,medium,needs_review,lowercase-entry|previous-line-closed,,
дефтер,approved,pdf_candidate,263,medium,needs_review,lowercase-entry|previous-line-closed,,
дивити,approved,pdf_candidate,264,medium,needs_review,lowercase-entry|previous-line-closed,,
диспут,approved,pdf_candidate,274,medium,needs_review,lowercase-entry|previous-line-closed,,
добити,approved,pdf_candidate,39,medium,needs_review,lowercase-entry|previous-line-closed,,
дожети,approved,pdf_candidate,285,medium,needs_review,lowercase-entry|previous-line-closed,,
доиста,approved,pdf_candidate,286,medium,needs_review,lowercase-entry|previous-line-closed,,
доксат,approved,pdf_candidate,288,medium,needs_review,lowercase-entry|previous-line-closed,,
домаћи,approved,pdf_candidate,290,medium,needs_review,inflection-after-comma|previous-line-closed|ocr-noise-near-entry,,
донети,approved,pdf_candidate,293,medium,needs_review,lowercase-entry|previous-line-closed,,
држати,approved,pdf_candidate,1420,medium,needs_review,lowercase-entry|previous-line-closed,,
дрљало,approved,pdf_candidate,309,medium,needs_review,lowercase-entry|previous-line-closed,,
дрљити,approved,pdf_candidate,309,medium,needs_review,lowercase-entry|previous-line-closed,,
дрндар,approved,pdf_candidate,310,medium,needs_review,lowercase-entry|previous-line-closed,,
дурити,approved,pdf_candidate,319,medium,needs_review,lowercase-entry|previous-line-closed,,
ђаурка,approved,pdf_candidate,323,medium,needs_review,lowercase-entry|previous-line-closed,,
егоист,approved,pdf_candidate,328,medium,needs_review,lowercase-entry|previous-line-closed,,
емпора,approved,pdf_candidate,339,medium,needs_review,lowercase-entry|previous-line-closed,,
емфаза,approved,pdf_candidate,340,medium,needs_review,lowercase-entry|previous-line-closed,,
епител,approved,pdf_candidate,343,medium,needs_review,lowercase-entry|previous-line-closed,,
еридин,approved,pdf_candidate,344,medium,needs_review,inflection-after-comma|previous-line-closed|ocr-noise-near-entry,,
етерни,approved,pdf_candidate,346,medium,needs_review,lowercase-entry|previous-line-closed,,
етолог,approved,pdf_candidate,348,medium,needs_review,lowercase-entry|previous-line-closed,,
ехолот,approved,pdf_candidate,349,medium,needs_review,lowercase-entry|previous-line-closed,,
желети,approved,pdf_candidate,354,medium,needs_review,lowercase-entry|previous-line-closed,,
жерава,approved,pdf_candidate,355,medium,needs_review,lowercase-entry|previous-line-closed,,
живети,approved,pdf_candidate,131,medium,needs_review,lowercase-entry|previous-line-closed,,
жигица,approved,pdf_candidate,357,medium,needs_review,lowercase-entry|previous-line-closed,,
жличар,approved,pdf_candidate,359,medium,needs_review,lowercase-entry|previous-line-closed,,
жмарци,approved,pdf_candidate,359,medium,needs_review,lowercase-entry|previous-line-closed,,
жмурка,approved,pdf_candidate,360,medium,needs_review,lowercase-entry|previous-line-closed,,
жоржет,approved,pdf_candidate,360,medium,needs_review,lowercase-entry|previous-line-closed,,
жудети,approved,pdf_candidate,360,medium,needs_review,lowercase-entry|previous-line-closed,,
жутети,approved,pdf_candidate,361,medium,needs_review,lowercase-entry|previous-line-closed,,
заквач,approved,pdf_candidate,380,medium,needs_review,lowercase-entry|previous-line-closed,,
закона,approved,pdf_candidate,849,medium,needs_review,lowercase-entry|previous-line-closed,,
закрет,approved,pdf_candidate,382,medium,needs_review,lowercase-entry|previous-line-closed,,
залиха,approved,pdf_candidate,385,medium,needs_review,lowercase-entry|previous-line-closed,,
замаћи,approved,pdf_candidate,386,medium,needs_review,lowercase-entry|previous-line-closed,,
замера,approved,pdf_candidate,387,medium,needs_review,lowercase-entry|previous-line-closed,,
замрћи,approved,pdf_candidate,388,medium,needs_review,lowercase-entry|previous-line-closed,,
занети,approved,pdf_candidate,389,medium,needs_review,lowercase-entry|previous-line-closed,,
зането,approved,pdf_candidate,389,medium,needs_review,lowercase-entry|previous-line-closed,,
заовић,approved,pdf_candidate,390,medium,needs_review,lowercase-entry|previous-line-closed,,
засека,approved,pdf_candidate,400,medium,needs_review,lowercase-entry|previous-line-closed,,
затећи,approved,pdf_candidate,404,medium,needs_review,lowercase-entry|previous-line-closed,,
затрка,approved,pdf_candidate,406,medium,needs_review,lowercase-entry|previous-line-closed,,
затрти,approved,pdf_candidate,406,medium,needs_review,lowercase-entry|previous-line-closed,,
заумље,approved,pdf_candidate,407,medium,needs_review,lowercase-entry|previous-line-closed,,
зашрши,approved,pdf_candidate,468,medium,needs_review,lowercase-entry|previous-line-closed,,
збирка,approved,pdf_candidate,411,medium,needs_review,lowercase-entry|previous-line-closed,,
зверка,approved,pdf_candidate,413,medium,needs_review,lowercase-entry|previous-line-closed,,
звонко,approved,pdf_candidate,414,medium,needs_review,lowercase-entry|previous-line-closed,,
зекуља,approved,pdf_candidate,418,medium,needs_review,lowercase-entry|previous-line-closed,,
зечица,approved,pdf_candidate,420,medium,needs_review,lowercase-entry|previous-line-closed,,
зукара,approved,pdf_candidate,428,medium,needs_review,lowercase-entry|previous-line-closed,,
зукати,approved,pdf_candidate,428,medium,needs_review,lowercase-entry|previous-line-closed,,
зумбул,approved,pdf_candidate,428,medium,needs_review,lowercase-entry|previous-line-closed,,
играти,approved,pdf_candidate,1416,medium,needs_review,lowercase-entry|previous-line-closed,,
извући,approved,pdf_candidate,438,medium,needs_review,lowercase-entry|previous-line-closed,,
издати,approved,pdf_candidate,441,medium,needs_review,lowercase-entry|previous-line-closed,,
издићи,approved,pdf_candidate,441,medium,needs_review,lowercase-entry|previous-line-closed,,
изести,approved,pdf_candidate,442,medium,needs_review,lowercase-entry|previous-line-closed,,
измити,approved,pdf_candidate,446,medium,needs_review,lowercase-entry|previous-line-closed,,
изнети,approved,pdf_candidate,448,medium,needs_review,lowercase-entry|previous-line-closed,,
изнићи,approved,pdf_candidate,448,medium,needs_review,lowercase-entry|previous-line-closed,,
изнова,approved,pdf_candidate,1010,medium,needs_review,lowercase-entry|previous-line-closed,,
изрећи,approved,pdf_candidate,451,medium,needs_review,lowercase-entry|previous-line-closed,,
испрва,approved,pdf_candidate,474,medium,needs_review,lowercase-entry|previous-line-closed,,
истаћи,approved,pdf_candidate,477,medium,needs_review,lowercase-entry|previous-line-closed,,
истући,approved,pdf_candidate,480,medium,needs_review,lowercase-entry|previous-line-closed,,
кавана,approved,pdf_candidate,501,medium,needs_review,lowercase-entry|previous-line-closed,,
калцан,approved,pdf_candidate,505,medium,needs_review,lowercase-entry|previous-line-closed,,
камфор,approved,pdf_candidate,507,medium,needs_review,lowercase-entry|previous-line-closed,,
канити,approved,pdf_candidate,507,medium,needs_review,lowercase-entry|previous-line-closed,,
каруце,approved,pdf_candidate,513,medium,needs_review,lowercase-entry|previous-line-closed,,
каћуша,approved,pdf_candidate,515,medium,needs_review,lowercase-entry|previous-line-closed,,
керећи,approved,pdf_candidate,519,medium,needs_review,lowercase-entry|previous-line-closed,,
керуша,approved,pdf_candidate,519,medium,needs_review,lowercase-entry|previous-line-closed,,
кесити,approved,pdf_candidate,519,medium,needs_review,lowercase-entry|previous-line-closed,,
китара,approved,pdf_candidate,522,medium,needs_review,lowercase-entry|previous-line-closed,,
кихати,approved,pdf_candidate,523,medium,needs_review,lowercase-entry|previous-line-closed,,
клерик,approved,pdf_candidate,526,medium,needs_review,lowercase-entry|previous-line-closed,,
клиско,approved,pdf_candidate,529,medium,needs_review,lowercase-entry|previous-line-closed,,
ковати,approved,pdf_candidate,535,medium,needs_review,lowercase-entry|previous-line-closed,,
коверт,approved,pdf_candidate,535,medium,needs_review,lowercase-entry|previous-line-closed,,
ковина,approved,pdf_candidate,535,medium,needs_review,lowercase-entry|previous-line-closed,,
коврча,approved,pdf_candidate,535,medium,needs_review,lowercase-entry|previous-line-closed,,
колера,approved,pdf_candidate,540,medium,needs_review,lowercase-entry|previous-line-closed,,
колето,approved,pdf_candidate,540,medium,needs_review,lowercase-entry|previous-line-closed,,
комика,approved,pdf_candidate,544,medium,needs_review,lowercase-entry|previous-line-closed,,
комода,approved,pdf_candidate,461,medium,needs_review,lowercase-entry|previous-line-closed,,
комуша,approved,pdf_candidate,547,medium,needs_review,lowercase-entry|previous-line-closed,,
кондак,approved,pdf_candidate,548,medium,needs_review,lowercase-entry|previous-line-closed,,
коруба,approved,pdf_candidate,560,medium,needs_review,lowercase-entry|previous-line-closed,,
космос,approved,pdf_candidate,561,medium,needs_review,lowercase-entry|previous-line-closed,,
косник,approved,pdf_candidate,561,medium,needs_review,inflection-after-comma|previous-line-closed|ocr-noise-near-entry,,
кочина,approved,pdf_candidate,565,medium,needs_review,lowercase-entry|previous-line-closed,,
кошћел,approved,pdf_candidate,567,medium,needs_review,lowercase-entry|previous-line-closed,,
крадња,approved,pdf_candidate,568,medium,needs_review,lowercase-entry|previous-line-closed,,
крашко,approved,pdf_candidate,828,medium,needs_review,lowercase-entry|previous-line-closed,,
крвити,approved,pdf_candidate,573,medium,needs_review,lowercase-entry|previous-line-closed,,
крекет,approved,pdf_candidate,575,medium,needs_review,lowercase-entry|previous-line-closed,,
крепко,approved,pdf_candidate,576,medium,needs_review,lowercase-entry|previous-line-closed,,
креста,approved,pdf_candidate,577,medium,needs_review,lowercase-entry|previous-line-closed,,
крилно,approved,pdf_candidate,581,medium,needs_review,lowercase-entry|previous-line-closed,,
кринка,approved,pdf_candidate,650,medium,needs_review,lowercase-entry|previous-line-closed,,
критик,approved,pdf_candidate,584,medium,needs_review,lowercase-entry|previous-line-closed,,
крњаво,approved,pdf_candidate,586,medium,needs_review,lowercase-entry|previous-line-closed,,
крњити,approved,pdf_candidate,586,medium,needs_review,lowercase-entry|previous-line-closed,,
куглоф,approved,pdf_candidate,597,medium,needs_review,lowercase-entry|previous-line-closed,,
кукуља,approved,pdf_candidate,599,medium,needs_review,lowercase-entry|previous-line-closed,,
кумати,approved,pdf_candidate,601,medium,needs_review,lowercase-entry|previous-line-closed,,
купажа,approved,pdf_candidate,602,medium,needs_review,lowercase-entry|previous-line-closed,,
лавица,approved,pdf_candidate,610,medium,needs_review,lowercase-entry|previous-line-closed,,
ладица,approved,pdf_candidate,610,medium,needs_review,lowercase-entry|previous-line-closed,,
лажара,approved,pdf_candidate,610,medium,needs_review,lowercase-entry|previous-line-closed,,
лакомо,approved,pdf_candidate,612,medium,needs_review,lowercase-entry|previous-line-closed,,
лампек,approved,pdf_candidate,614,medium,needs_review,lowercase-entry|previous-line-closed,,
лаћати,approved,pdf_candidate,617,medium,needs_review,lowercase-entry|previous-line-closed,,
лацман,approved,pdf_candidate,617,medium,needs_review,lowercase-entry|previous-line-closed,,
легати,approved,pdf_candidate,619,medium,needs_review,lowercase-entry|previous-line-closed,,
лежати,approved,pdf_candidate,620,medium,needs_review,lowercase-entry|previous-line-closed,,
лежиља,approved,pdf_candidate,621,medium,needs_review,lowercase-entry|previous-line-closed,,
ленити,approved,pdf_candidate,622,medium,needs_review,lowercase-entry|previous-line-closed,,
леност,approved,pdf_candidate,622,medium,needs_review,lowercase-entry|previous-line-closed,,
лењити,approved,pdf_candidate,622,medium,needs_review,lowercase-entry|previous-line-closed,,
лењост,approved,pdf_candidate,622,medium,needs_review,lowercase-entry|previous-line-closed,,
лепеза,approved,pdf_candidate,623,medium,needs_review,lowercase-entry|previous-line-closed,,
лепити,approved,pdf_candidate,623,medium,needs_review,lowercase-entry|previous-line-closed,,
лептир,approved,pdf_candidate,624,medium,needs_review,lowercase-entry|previous-line-closed,,
летети,approved,pdf_candidate,625,medium,needs_review,lowercase-entry|previous-line-closed,,
лечити,approved,pdf_candidate,626,medium,needs_review,lowercase-entry|previous-line-closed,,
лечник,approved,pdf_candidate,627,medium,needs_review,lowercase-entry|previous-line-closed,,
либити,approved,pdf_candidate,628,medium,needs_review,lowercase-entry|previous-line-closed,,
ливада,approved,pdf_candidate,628,medium,needs_review,lowercase-entry|previous-line-closed,,
линета,approved,pdf_candidate,631,medium,needs_review,lowercase-entry|previous-line-closed,,
лирика,approved,pdf_candidate,632,medium,needs_review,lowercase-entry|previous-line-closed,,
литица,approved,pdf_candidate,634,medium,needs_review,lowercase-entry|previous-line-closed,,
лишити,approved,pdf_candidate,636,medium,needs_review,lowercase-entry|previous-line-closed,,
ловина,approved,pdf_candidate,637,medium,needs_review,lowercase-entry|previous-line-closed,,
лолати,approved,pdf_candidate,640,medium,needs_review,lowercase-entry|previous-line-closed,,
лудети,approved,pdf_candidate,643,medium,needs_review,lowercase-entry|previous-line-closed,,
луксуз,approved,pdf_candidate,644,medium,needs_review,lowercase-entry|previous-line-closed,,
лустер,approved,pdf_candidate,645,medium,needs_review,lowercase-entry|previous-line-closed,,
љуљаво,approved,pdf_candidate,649,medium,needs_review,lowercase-entry|previous-line-closed,,
магнум,approved,pdf_candidate,654,medium,needs_review,lowercase-entry|previous-line-closed,,
мазало,approved,pdf_candidate,655,medium,needs_review,lowercase-entry|previous-line-closed,,
максим,approved,pdf_candidate,659,medium,needs_review,lowercase-entry|previous-line-closed,,
малиша,approved,pdf_candidate,660,medium,needs_review,lowercase-entry|previous-line-closed,,
мангуп,approved,pdf_candidate,663,medium,needs_review,lowercase-entry|previous-line-closed,,
мандал,approved,pdf_candidate,664,medium,needs_review,lowercase-entry|previous-line-closed,,
манути,approved,pdf_candidate,666,medium,needs_review,lowercase-entry|previous-line-closed,,
мањити,approved,pdf_candidate,666,medium,needs_review,lowercase-entry|previous-line-closed,,
масакр,approved,pdf_candidate,669,medium,needs_review,lowercase-entry|previous-line-closed,,
мевлуд,approved,pdf_candidate,677,medium,needs_review,inflection-after-comma|previous-line-closed|ocr-noise-near-entry,,
мездра,approved,pdf_candidate,681,medium,needs_review,lowercase-entry|previous-line-closed,,
мелиса,approved,pdf_candidate,683,medium,needs_review,lowercase-entry|previous-line-closed,,
мерино,approved,pdf_candidate,686,medium,needs_review,lowercase-entry|previous-line-closed,,
мерица,approved,pdf_candidate,686,medium,needs_review,lowercase-entry|previous-line-closed,,
меркур,approved,pdf_candidate,687,medium,needs_review,inflection-after-comma|previous-line-closed|ocr-noise-near-entry,,
мермер,approved,pdf_candidate,687,medium,needs_review,lowercase-entry|previous-line-closed,,
месити,approved,pdf_candidate,688,medium,needs_review,lowercase-entry|previous-line-closed,,
метати,approved,pdf_candidate,690,medium,needs_review,lowercase-entry|previous-line-closed,,
милети,approved,pdf_candidate,696,medium,needs_review,lowercase-entry|previous-line-closed,,
милота,approved,pdf_candidate,698,medium,needs_review,lowercase-entry|previous-line-closed,,
миљети,approved,pdf_candidate,698,medium,needs_review,lowercase-entry|previous-line-closed,,
мистик,approved,pdf_candidate,703,medium,needs_review,lowercase-entry|previous-line-closed,,
митинг,approved,pdf_candidate,703,medium,needs_review,lowercase-entry|previous-line-closed,,
молити,approved,pdf_candidate,714,medium,needs_review,lowercase-entry|previous-line-closed,,
монстр,approved,pdf_candidate,717,medium,needs_review,lowercase-entry|previous-line-closed,,
морина,approved,pdf_candidate,719,medium,needs_review,lowercase-entry|previous-line-closed,,
мортус,approved,pdf_candidate,719,medium,needs_review,lowercase-entry|previous-line-closed,,
мостар,approved,pdf_candidate,720,medium,needs_review,inflection-after-comma|previous-line-closed|ocr-noise-near-entry,,
мрзост,approved,pdf_candidate,726,medium,needs_review,lowercase-entry|previous-line-closed,,
мрљаво,approved,pdf_candidate,726,medium,needs_review,lowercase-entry|previous-line-closed,,
музиља,approved,pdf_candidate,730,medium,needs_review,lowercase-entry|previous-line-closed,,
муљити,approved,pdf_candidate,731,medium,needs_review,lowercase-entry|previous-line-closed,,
мучила,approved,pdf_candidate,734,medium,needs_review,lowercase-entry|previous-line-closed,,
мушкат,approved,pdf_candidate,735,medium,needs_review,lowercase-entry|previous-line-closed,,
навала,approved,pdf_candidate,692,medium,needs_review,lowercase-entry|previous-line-closed,,
навика,approved,pdf_candidate,740,medium,needs_review,lowercase-entry|previous-line-closed,,
навићи,approved,pdf_candidate,741,medium,needs_review,lowercase-entry|previous-line-closed,,
наврат,approved,pdf_candidate,741,medium,needs_review,lowercase-entry|previous-line-closed,,
навући,approved,pdf_candidate,991,medium,needs_review,lowercase-entry|previous-line-closed,,
надићи,approved,pdf_candidate,749,medium,needs_review,lowercase-entry|previous-line-closed,,
надути,approved,pdf_candidate,754,medium,needs_review,lowercase-entry|previous-line-closed,,
назути,approved,pdf_candidate,756,medium,needs_review,lowercase-entry|previous-line-closed,,
накана,approved,pdf_candidate,758,medium,needs_review,lowercase-entry|previous-line-closed,,
накосо,approved,pdf_candidate,760,medium,needs_review,lowercase-entry|previous-line-closed,,
налећи,approved,pdf_candidate,762,medium,needs_review,lowercase-entry|previous-line-closed,,
намена,approved,pdf_candidate,764,medium,needs_review,lowercase-entry|previous-line-closed,,
нанети,approved,pdf_candidate,767,medium,needs_review,lowercase-entry|previous-line-closed,,
наособ,approved,pdf_candidate,768,medium,needs_review,lowercase-entry|previous-line-closed,,
напити,approved,pdf_candidate,770,medium,needs_review,lowercase-entry|previous-line-closed,,
напољу,approved,pdf_candidate,771,medium,needs_review,lowercase-entry|previous-line-closed,,
напући,approved,pdf_candidate,774,medium,needs_review,lowercase-entry|previous-line-closed,,
наранч,approved,pdf_candidate,775,medium,needs_review,lowercase-entry|previous-line-closed,,
насухо,approved,pdf_candidate,783,medium,needs_review,lowercase-entry|previous-line-closed,,
натећи,approved,pdf_candidate,784,medium,needs_review,lowercase-entry|previous-line-closed,,
нафтар,approved,pdf_candidate,790,medium,needs_review,lowercase-entry|previous-line-closed,,
нахеро,approved,pdf_candidate,790,medium,needs_review,lowercase-entry|previous-line-closed,,
нацист,approved,pdf_candidate,791,medium,needs_review,lowercase-entry|previous-line-closed,,
небрат,approved,pdf_candidate,795,medium,needs_review,lowercase-entry|previous-line-closed,,
нежења,approved,pdf_candidate,799,medium,needs_review,lowercase-entry|previous-line-closed,,
немати,approved,pdf_candidate,804,medium,needs_review,lowercase-entry|previous-line-closed,,
немоћа,approved,pdf_candidate,805,medium,needs_review,lowercase-entry|previous-line-closed,,
нераст,approved,pdf_candidate,814,medium,needs_review,lowercase-entry|previous-line-closed,,
нештун,approved,pdf_candidate,813,medium,needs_review,inflection-after-comma|previous-line-closed|ocr-noise-near-entry,,
ницати,approved,pdf_candidate,823,medium,needs_review,lowercase-entry|previous-line-closed,,
норман,approved,pdf_candidate,827,medium,needs_review,inflection-after-comma|previous-line-closed|ocr-noise-near-entry,,
носити,approved,pdf_candidate,827,medium,needs_review,lowercase-entry|previous-line-closed,,
носоња,approved,pdf_candidate,827,medium,needs_review,lowercase-entry|previous-line-closed,,
њемоћа,approved,pdf_candidate,830,medium,needs_review,lowercase-entry|previous-line-closed,,
обилат,approved,pdf_candidate,833,medium,needs_review,lowercase-entry|previous-line-closed,,
облина,approved,pdf_candidate,835,medium,needs_review,lowercase-entry|previous-line-closed,,
облити,approved,pdf_candidate,835,medium,needs_review,lowercase-entry|previous-line-closed,,
обоист,approved,pdf_candidate,835,medium,needs_review,lowercase-entry|previous-line-closed,,
оверач,approved,pdf_candidate,838,medium,needs_review,lowercase-entry|previous-line-closed,,
оврећи,approved,pdf_candidate,838,medium,needs_review,lowercase-entry|previous-line-closed,,
одбећи,approved,pdf_candidate,842,medium,needs_review,lowercase-entry|previous-line-closed,,
одвити,approved,pdf_candidate,843,medium,needs_review,lowercase-entry|previous-line-closed,,
одлити,approved,pdf_candidate,847,medium,needs_review,lowercase-entry|previous-line-closed,,
одмаћи,approved,pdf_candidate,847,medium,needs_review,lowercase-entry|previous-line-closed,,
одмоћи,approved,pdf_candidate,848,medium,needs_review,lowercase-entry|previous-line-closed,,
одрећи,approved,pdf_candidate,850,medium,needs_review,lowercase-entry|previous-line-closed,,
октава,approved,pdf_candidate,859,medium,needs_review,lowercase-entry|previous-line-closed,,
омести,approved,pdf_candidate,862,medium,needs_review,lowercase-entry|previous-line-closed,,
опнаст,approved,pdf_candidate,866,medium,needs_review,lowercase-entry|previous-line-closed,,
опрати,approved,pdf_candidate,868,medium,needs_review,lowercase-entry|previous-line-closed,,
опрост,approved,pdf_candidate,868,medium,needs_review,lowercase-entry|previous-line-closed,,
опруга,approved,pdf_candidate,869,medium,needs_review,lowercase-entry|previous-line-closed,,
опшити,approved,pdf_candidate,871,medium,needs_review,lowercase-entry|previous-line-closed,,
орбита,approved,pdf_candidate,872,medium,needs_review,lowercase-entry|previous-line-closed,,
орфеум,approved,pdf_candidate,874,medium,needs_review,lowercase-entry|previous-line-closed,,
оствар,approved,pdf_candidate,881,medium,needs_review,lowercase-entry|previous-line-closed,,
отпити,approved,pdf_candidate,886,medium,needs_review,lowercase-entry|previous-line-closed,,
отрети,approved,pdf_candidate,888,medium,needs_review,lowercase-entry|previous-line-closed,,
отужан,approved,pdf_candidate,889,medium,needs_review,lowercase-entry|previous-line-closed,,
палити,approved,pdf_candidate,896,medium,needs_review,lowercase-entry|previous-line-closed,,
паника,approved,pdf_candidate,897,medium,needs_review,lowercase-entry|previous-line-closed,,
пастор,approved,pdf_candidate,904,medium,needs_review,lowercase-entry|previous-line-closed,,
патика,approved,pdf_candidate,904,medium,needs_review,lowercase-entry|previous-line-closed,,
патник,approved,pdf_candidate,905,medium,needs_review,lowercase-entry|previous-line-closed,,
пашњак,approved,pdf_candidate,906,medium,needs_review,lowercase-entry|previous-line-closed,,
пелена,approved,pdf_candidate,908,medium,needs_review,lowercase-entry|previous-line-closed,,
пенџер,approved,pdf_candidate,909,medium,needs_review,lowercase-entry|previous-line-closed,,
пењати,approved,pdf_candidate,909,medium,needs_review,lowercase-entry|previous-line-closed,,
пепита,approved,pdf_candidate,909,medium,needs_review,lowercase-entry|previous-line-closed,,
перика,approved,pdf_candidate,909,medium,needs_review,lowercase-entry|previous-line-closed,,
печити,approved,pdf_candidate,914,medium,needs_review,lowercase-entry|previous-line-closed,,
пивара,approved,pdf_candidate,914,medium,needs_review,lowercase-entry|previous-line-closed,,
пиксла,approved,pdf_candidate,915,medium,needs_review,lowercase-entry|previous-line-closed,,
пилинг,approved,pdf_candidate,915,medium,needs_review,lowercase-entry|previous-line-closed,,
пилити,approved,pdf_candidate,915,medium,needs_review,lowercase-entry|previous-line-closed,,
пинтер,approved,pdf_candidate,916,medium,needs_review,lowercase-entry|previous-line-closed,,
пиџама,approved,pdf_candidate,918,medium,needs_review,lowercase-entry|previous-line-closed,,
плесан,approved,pdf_candidate,921,medium,needs_review,lowercase-entry|previous-line-closed,,
плесна,approved,pdf_candidate,363,medium,needs_review,lowercase-entry|previous-line-closed,,
плести,approved,pdf_candidate,921,medium,needs_review,lowercase-entry|previous-line-closed,,
плетер,approved,pdf_candidate,922,medium,needs_review,lowercase-entry|previous-line-closed,,
плећка,approved,pdf_candidate,922,medium,needs_review,lowercase-entry|previous-line-closed,,
пловка,approved,pdf_candidate,923,medium,needs_review,lowercase-entry|previous-line-closed,,
плоска,approved,pdf_candidate,923,medium,needs_review,lowercase-entry|previous-line-closed,,
побећи,approved,pdf_candidate,925,medium,needs_review,lowercase-entry|previous-line-closed,,
погром,approved,pdf_candidate,932,medium,needs_review,lowercase-entry|previous-line-closed,,
подвик,approved,pdf_candidate,934,medium,needs_review,lowercase-entry|previous-line-closed,,
подићи,approved,pdf_candidate,936,medium,needs_review,lowercase-entry|previous-line-closed,,
подмет,approved,pdf_candidate,937,medium,needs_review,lowercase-entry|previous-line-closed,,
подуст,approved,pdf_candidate,942,medium,needs_review,lowercase-entry|previous-line-closed,,
пожети,approved,pdf_candidate,943,medium,needs_review,lowercase-entry|previous-line-closed,,
полећи,approved,pdf_candidate,951,medium,needs_review,lowercase-entry|previous-line-closed,,
помаћи,approved,pdf_candidate,956,medium,needs_review,lowercase-entry|previous-line-closed,,
помоћи,approved,pdf_candidate,958,medium,needs_review,lowercase-entry|previous-line-closed,,
понети,approved,pdf_candidate,959,medium,needs_review,lowercase-entry|previous-line-closed,,
понићи,approved,pdf_candidate,959,medium,needs_review,lowercase-entry|previous-line-closed,,
понова,approved,pdf_candidate,959,medium,needs_review,lowercase-entry|previous-line-closed,,
попуна,approved,pdf_candidate,962,medium,needs_review,lowercase-entry|previous-line-closed,,
порука,approved,pdf_candidate,964,medium,needs_review,lowercase-entry|previous-line-closed,,
посред,approved,pdf_candidate,968,medium,needs_review,lowercase-entry|previous-line-closed,,
посути,approved,pdf_candidate,971,medium,needs_review,lowercase-entry|previous-line-closed,,
потећи,approved,pdf_candidate,972,medium,needs_review,lowercase-entry|previous-line-closed,,
потрти,approved,pdf_candidate,976,medium,needs_review,lowercase-entry|previous-line-closed,,
потући,approved,pdf_candidate,825,medium,needs_review,lowercase-entry|previous-line-closed,,
похара,approved,pdf_candidate,978,medium,needs_review,lowercase-entry|previous-line-closed,,
почаст,approved,pdf_candidate,979,medium,needs_review,lowercase-entry|previous-line-closed,,
почути,approved,pdf_candidate,979,medium,needs_review,lowercase-entry|previous-line-closed,,
пралик,approved,pdf_candidate,984,medium,needs_review,lowercase-entry|previous-line-closed,,
прапор,approved,pdf_candidate,984,medium,needs_review,lowercase-entry|previous-line-closed,,
прегор,approved,pdf_candidate,992,medium,needs_review,lowercase-entry|previous-line-closed,,
прекоп,approved,pdf_candidate,1000,medium,needs_review,lowercase-entry|previous-line-closed,,
премек,approved,pdf_candidate,1003,medium,needs_review,lowercase-entry|previous-line-closed,,
премер,approved,pdf_candidate,1003,medium,needs_review,lowercase-entry|previous-line-closed,,
премор,approved,pdf_candidate,1003,medium,needs_review,lowercase-entry|previous-line-closed,,
препек,approved,pdf_candidate,1006,medium,needs_review,lowercase-entry|previous-line-closed,,
прести,approved,pdf_candidate,1012,medium,needs_review,lowercase-entry|previous-line-closed,,
претих,approved,pdf_candidate,1014,medium,needs_review,lowercase-entry|previous-line-closed,,
придев,approved,pdf_candidate,1023,medium,needs_review,lowercase-entry|previous-line-closed,,
припев,approved,pdf_candidate,1031,medium,needs_review,lowercase-entry|previous-line-closed,,
припон,approved,pdf_candidate,1032,medium,needs_review,lowercase-entry|previous-line-closed,,
прокос,approved,pdf_candidate,1050,medium,needs_review,lowercase-entry|previous-line-closed,,
пролаз,approved,pdf_candidate,1050,medium,needs_review,lowercase-entry|previous-line-closed,,
пропух,approved,pdf_candidate,1057,medium,needs_review,lowercase-entry|previous-line-closed,,
проров,approved,pdf_candidate,1058,medium,needs_review,lowercase-entry|previous-line-closed,,
проток,approved,pdf_candidate,1064,medium,needs_review,lowercase-entry|previous-line-closed,,
прхати,approved,pdf_candidate,1071,medium,needs_review,lowercase-entry|previous-line-closed,,
прцати,approved,pdf_candidate,1071,medium,needs_review,lowercase-entry|previous-line-closed,,
псетар,approved,pdf_candidate,1072,medium,needs_review,lowercase-entry|previous-line-closed,,
пувало,approved,pdf_candidate,1073,medium,needs_review,lowercase-entry|previous-line-closed,,
пузати,approved,pdf_candidate,1074,medium,needs_review,lowercase-entry|previous-line-closed,,
пуница,approved,pdf_candidate,1075,medium,needs_review,lowercase-entry|previous-line-closed,,
пушара,approved,pdf_candidate,1080,medium,needs_review,lowercase-entry|previous-line-closed,,
рабити,approved,pdf_candidate,1082,medium,needs_review,lowercase-entry|previous-line-closed,,
радити,approved,pdf_candidate,1418,medium,needs_review,lowercase-entry|previous-line-closed,,
разбор,approved,pdf_candidate,1090,medium,needs_review,lowercase-entry|previous-line-closed,,
развоз,approved,pdf_candidate,1092,medium,needs_review,lowercase-entry|previous-line-closed,,
разина,approved,pdf_candidate,1098,medium,needs_review,lowercase-entry|previous-line-closed,,
разићи,approved,pdf_candidate,1098,medium,needs_review,lowercase-entry|previous-line-closed,,
ракита,approved,pdf_candidate,1106,medium,needs_review,lowercase-entry|previous-line-closed,,
ранчер,approved,pdf_candidate,1108,medium,needs_review,lowercase-entry|previous-line-closed,,
рашити,approved,pdf_candidate,1123,medium,needs_review,lowercase-entry|previous-line-closed,,
редати,approved,pdf_candidate,1129,medium,needs_review,lowercase-entry|previous-line-closed,,
рекорд,approved,pdf_candidate,1134,medium,needs_review,lowercase-entry|previous-line-closed,,
репоња,approved,pdf_candidate,1138,medium,needs_review,lowercase-entry|previous-line-closed,,
ретина,approved,pdf_candidate,1141,medium,needs_review,lowercase-entry|previous-line-closed,,
решити,approved,pdf_candidate,1145,medium,needs_review,lowercase-entry|previous-line-closed,,
риђуша,approved,pdf_candidate,1146,medium,needs_review,lowercase-entry|previous-line-closed,,
рижото,approved,pdf_candidate,1146,medium,needs_review,lowercase-entry|previous-line-closed,,
рисати,approved,pdf_candidate,1147,medium,needs_review,lowercase-entry|previous-line-closed,,
ритати,approved,pdf_candidate,1147,medium,needs_review,lowercase-entry|previous-line-closed,,
рокада,approved,pdf_candidate,1150,medium,needs_review,lowercase-entry|previous-line-closed,,
рудети,approved,pdf_candidate,1153,medium,needs_review,lowercase-entry|previous-line-closed,,
рудина,approved,pdf_candidate,1153,medium,needs_review,lowercase-entry|previous-line-closed,,
румено,approved,pdf_candidate,1156,medium,needs_review,lowercase-entry|previous-line-closed,,
ручати,approved,pdf_candidate,1158,medium,needs_review,lowercase-entry|previous-line-closed,,
сабљар,approved,pdf_candidate,1160,medium,needs_review,lowercase-entry|previous-line-closed,,
савити,approved,pdf_candidate,1161,medium,needs_review,lowercase-entry|previous-line-closed,,
садити,approved,pdf_candidate,1163,medium,needs_review,lowercase-entry|previous-line-closed,,
салчић,approved,pdf_candidate,1165,medium,needs_review,lowercase-entry|previous-line-closed,,
самоћа,approved,pdf_candidate,460,medium,needs_review,lowercase-entry|previous-line-closed,,
санети,approved,pdf_candidate,1171,medium,needs_review,lowercase-entry|previous-line-closed,,
сатара,approved,pdf_candidate,1174,medium,needs_review,lowercase-entry|previous-line-closed,,
сатљик,approved,pdf_candidate,1174,medium,needs_review,lowercase-entry|previous-line-closed,,
сатрти,approved,pdf_candidate,1174,medium,needs_review,lowercase-entry|previous-line-closed,,
сашрши,approved,pdf_candidate,976,medium,needs_review,lowercase-entry|previous-line-closed,,
свекар,approved,pdf_candidate,1178,medium,needs_review,lowercase-entry|previous-line-closed,,
свитер,approved,pdf_candidate,1183,medium,needs_review,lowercase-entry|previous-line-closed,,
седати,approved,pdf_candidate,1187,medium,needs_review,lowercase-entry|previous-line-closed,,
седити,approved,pdf_candidate,1188,medium,needs_review,lowercase-entry|previous-line-closed,,
сивина,approved,pdf_candidate,1196,medium,needs_review,lowercase-entry|previous-line-closed,,
сивоћа,approved,pdf_candidate,1196,medium,needs_review,lowercase-entry|previous-line-closed,,
сивуља,approved,pdf_candidate,1196,medium,needs_review,lowercase-entry|previous-line-closed,,
сирило,approved,pdf_candidate,1201,medium,needs_review,lowercase-entry|previous-line-closed,,
ситача,approved,pdf_candidate,1203,medium,needs_review,lowercase-entry|previous-line-closed,,
сквика,approved,pdf_candidate,1207,medium,needs_review,lowercase-entry|previous-line-closed,,
скитња,approved,pdf_candidate,1208,medium,needs_review,lowercase-entry|previous-line-closed,,
словак,approved,pdf_candidate,1219,medium,needs_review,inflection-after-comma|previous-line-closed|ocr-noise-near-entry,,
словен,approved,pdf_candidate,1219,medium,needs_review,inflection-after-comma|previous-line-closed|ocr-noise-near-entry,,
смести,approved,pdf_candidate,1223,medium,needs_review,lowercase-entry|previous-line-closed,,
смешак,approved,pdf_candidate,1223,medium,needs_review,lowercase-entry|previous-line-closed,,
смлата,approved,pdf_candidate,1224,medium,needs_review,lowercase-entry|previous-line-closed,,
смлети,approved,pdf_candidate,1224,medium,needs_review,lowercase-entry|previous-line-closed,,
солара,approved,pdf_candidate,1229,medium,needs_review,lowercase-entry|previous-line-closed,,
сотона,approved,pdf_candidate,1231,medium,needs_review,lowercase-entry|previous-line-closed,,
спасти,approved,pdf_candidate,1232,medium,needs_review,lowercase-entry|previous-line-closed,,
спринт,approved,pdf_candidate,1237,medium,needs_review,lowercase-entry|previous-line-closed,,
спужва,approved,pdf_candidate,1237,medium,needs_review,lowercase-entry|previous-line-closed,,
срести,approved,pdf_candidate,1240,medium,needs_review,lowercase-entry|previous-line-closed,,
срећан,approved,pdf_candidate,89,medium,needs_review,lowercase-entry|previous-line-closed,,
срећко,approved,pdf_candidate,1241,medium,needs_review,lowercase-entry|previous-line-closed,,
старац,approved,pdf_candidate,1245,medium,needs_review,lowercase-entry|previous-line-closed,,
статуа,approved,pdf_candidate,1247,medium,needs_review,lowercase-entry|previous-line-closed,,
стењак,approved,pdf_candidate,1248,medium,needs_review,lowercase-entry|previous-line-closed,,
стерео,approved,pdf_candidate,1248,medium,needs_review,lowercase-entry|previous-line-closed,,
сточар,approved,pdf_candidate,1252,medium,needs_review,lowercase-entry|previous-line-closed,,
стреха,approved,pdf_candidate,1255,medium,needs_review,lowercase-entry|previous-line-closed,,
струма,approved,pdf_candidate,1258,medium,needs_review,lowercase-entry|previous-line-closed,,
стубац,approved,pdf_candidate,1259,medium,needs_review,lowercase-entry|previous-line-closed,,
ступац,approved,pdf_candidate,1260,medium,needs_review,lowercase-entry|previous-line-closed,,
сувача,approved,pdf_candidate,1261,medium,needs_review,lowercase-entry|previous-line-closed,,
сумеса,approved,pdf_candidate,1266,medium,needs_review,lowercase-entry|previous-line-closed,,
сумица,approved,pdf_candidate,1266,medium,needs_review,lowercase-entry|previous-line-closed,,
суосећ,approved,pdf_candidate,1268,medium,needs_review,lowercase-entry|previous-line-closed,,
сурина,approved,pdf_candidate,1270,medium,needs_review,lowercase-entry|previous-line-closed,,
сурово,approved,pdf_candidate,556,medium,needs_review,lowercase-entry|previous-line-closed,,
сухача,approved,pdf_candidate,1272,medium,needs_review,lowercase-entry|previous-line-closed,,
сухоћа,approved,pdf_candidate,1272,medium,needs_review,lowercase-entry|previous-line-closed,,
табиња,approved,pdf_candidate,1275,medium,needs_review,lowercase-entry|previous-line-closed,,
тажити,approved,pdf_candidate,1276,medium,needs_review,lowercase-entry|previous-line-closed,,
тарана,approved,pdf_candidate,1281,medium,needs_review,lowercase-entry|previous-line-closed,,
тарифа,approved,pdf_candidate,1281,medium,needs_review,lowercase-entry|previous-line-closed,,
телекс,approved,pdf_candidate,1287,medium,needs_review,lowercase-entry|previous-line-closed,,
теорба,approved,pdf_candidate,1289,medium,needs_review,lowercase-entry|previous-line-closed,,
тераца,approved,pdf_candidate,1290,medium,needs_review,lowercase-entry|previous-line-closed,,
тефтер,approved,pdf_candidate,1294,medium,needs_review,lowercase-entry|previous-line-closed,,
тискар,approved,pdf_candidate,1297,medium,needs_review,lowercase-entry|previous-line-closed,,
тићити,approved,pdf_candidate,1298,medium,needs_review,lowercase-entry|previous-line-closed,,
тишати,approved,pdf_candidate,1298,medium,needs_review,lowercase-entry|previous-line-closed,,
тишлер,approved,pdf_candidate,1298,medium,needs_review,lowercase-entry|previous-line-closed,,
тлапња,approved,pdf_candidate,1299,medium,needs_review,lowercase-entry|previous-line-closed,,
тлоцрт,approved,pdf_candidate,1299,medium,needs_review,lowercase-entry|previous-line-closed,,
токата,approved,pdf_candidate,1300,medium,needs_review,lowercase-entry|previous-line-closed,,
тонути,approved,pdf_candidate,1301,medium,needs_review,lowercase-entry|previous-line-closed,,
торина,approved,pdf_candidate,1303,medium,needs_review,lowercase-entry|previous-line-closed,,
тоцило,approved,pdf_candidate,1304,medium,needs_review,lowercase-entry|previous-line-closed,,
трачер,approved,pdf_candidate,1309,medium,needs_review,lowercase-entry|previous-line-closed,,
трезно,approved,pdf_candidate,1311,medium,needs_review,lowercase-entry|previous-line-closed,,
трести,approved,pdf_candidate,1313,medium,needs_review,lowercase-entry|previous-line-closed,,
трунка,approved,pdf_candidate,1323,medium,needs_review,lowercase-entry|previous-line-closed,,
тунара,approved,pdf_candidate,1326,medium,needs_review,lowercase-entry|previous-line-closed,,
туњара,approved,pdf_candidate,1326,medium,needs_review,lowercase-entry|previous-line-closed,,
ћарити,approved,pdf_candidate,1331,medium,needs_review,lowercase-entry|previous-line-closed,,
ћопати,approved,pdf_candidate,1332,medium,needs_review,lowercase-entry|previous-line-closed,,
ћутило,approved,pdf_candidate,1334,medium,needs_review,lowercase-entry|previous-line-closed,,
убости,approved,pdf_candidate,1337,medium,needs_review,lowercase-entry|previous-line-closed,,
увести,approved,pdf_candidate,1129,medium,needs_review,lowercase-entry|previous-line-closed,,
узалуд,approved,pdf_candidate,1351,medium,needs_review,lowercase-entry|previous-line-closed,,
уздићи,approved,pdf_candidate,1354,medium,needs_review,lowercase-entry|previous-line-closed,,
узмаћи,approved,pdf_candidate,1356,medium,needs_review,lowercase-entry|previous-line-closed,,
умести,approved,pdf_candidate,1367,medium,needs_review,lowercase-entry|previous-line-closed,,
умирба,approved,pdf_candidate,1368,medium,needs_review,lowercase-entry|previous-line-closed,,
умусти,approved,pdf_candidate,1370,medium,needs_review,lowercase-entry|previous-line-closed,,
упасти,approved,pdf_candidate,1375,medium,needs_review,lowercase-entry|previous-line-closed,,
уплата,approved,pdf_candidate,1376,medium,needs_review,lowercase-entry|previous-line-closed,,
упрети,approved,pdf_candidate,1378,medium,needs_review,lowercase-entry|previous-line-closed,,
урвина,approved,pdf_candidate,1380,medium,needs_review,lowercase-entry|previous-line-closed,,
ускоћа,approved,pdf_candidate,1384,medium,needs_review,lowercase-entry|previous-line-closed,,
успара,approved,pdf_candidate,1386,medium,needs_review,lowercase-entry|previous-line-closed,,
устока,approved,pdf_candidate,1389,medium,needs_review,lowercase-entry|previous-line-closed,,
устући,approved,pdf_candidate,1391,medium,needs_review,lowercase-entry|previous-line-closed,,
утврда,approved,pdf_candidate,1392,medium,needs_review,lowercase-entry|previous-line-closed,,
утерус,approved,pdf_candidate,1393,medium,needs_review,lowercase-entry|previous-line-closed,,
фарбар,approved,pdf_candidate,1404,medium,needs_review,inflection-after-comma|previous-line-closed|ocr-noise-near-entry,,
фимоза,approved,pdf_candidate,1410,medium,needs_review,lowercase-entry|previous-line-closed,,
фирнис,approved,pdf_candidate,1411,medium,needs_review,lowercase-entry|previous-line-closed,,
фискус,approved,pdf_candidate,1411,medium,needs_review,lowercase-entry|previous-line-closed,,
фитнес,approved,pdf_candidate,1411,medium,needs_review,lowercase-entry|previous-line-closed,,
фонема,approved,pdf_candidate,1414,medium,needs_review,lowercase-entry|previous-line-closed,,
фрулар,approved,pdf_candidate,1421,medium,needs_review,lowercase-entry|previous-line-closed,,
фуруна,approved,pdf_candidate,1422,medium,needs_review,lowercase-entry|previous-line-closed,,
фуцати,approved,pdf_candidate,1423,medium,needs_review,lowercase-entry|previous-line-closed,,
хамада,approved,pdf_candidate,1426,medium,needs_review,lowercase-entry|previous-line-closed,,
хереза,approved,pdf_candidate,1431,medium,needs_review,lowercase-entry|previous-line-closed,,
херити,approved,pdf_candidate,1431,medium,needs_review,lowercase-entry|previous-line-closed,,
хетера,approved,pdf_candidate,1432,medium,needs_review,lowercase-entry|previous-line-closed,,
хитити,approved,pdf_candidate,1437,medium,needs_review,lowercase-entry|previous-line-closed,,
хорист,approved,pdf_candidate,1441,medium,needs_review,lowercase-entry|previous-line-closed,,
хропот,approved,pdf_candidate,1445,medium,needs_review,lowercase-entry|previous-line-closed,,
хртица,approved,pdf_candidate,1445,medium,needs_review,lowercase-entry|previous-line-closed,,
хулити,approved,pdf_candidate,1446,medium,needs_review,lowercase-entry|previous-line-closed,,
цакати,approved,pdf_candidate,1449,medium,needs_review,lowercase-entry|previous-line-closed,,
царист,approved,pdf_candidate,1450,medium,needs_review,lowercase-entry|previous-line-closed,,
цвасти,approved,pdf_candidate,1450,medium,needs_review,lowercase-entry|previous-line-closed,,
цветар,approved,pdf_candidate,1451,medium,needs_review,lowercase-entry|previous-line-closed,,
цвикер,approved,pdf_candidate,1451,medium,needs_review,lowercase-entry|previous-line-closed,,
цедило,approved,pdf_candidate,1453,medium,needs_review,lowercase-entry|previous-line-closed,,
цедити,approved,pdf_candidate,1453,medium,needs_review,lowercase-entry|previous-line-closed,,
целити,approved,pdf_candidate,1454,medium,needs_review,lowercase-entry|previous-line-closed,,
целцат,approved,pdf_candidate,1454,medium,needs_review,lowercase-entry|previous-line-closed,,
ценити,approved,pdf_candidate,1455,medium,needs_review,lowercase-entry|previous-line-closed,,
цепити,approved,pdf_candidate,1457,medium,needs_review,lowercase-entry|previous-line-closed,,
цигура,approved,pdf_candidate,1459,medium,needs_review,lowercase-entry|previous-line-closed,,
цикати,approved,pdf_candidate,1460,medium,needs_review,lowercase-entry|previous-line-closed,,
циљано,approved,pdf_candidate,1461,medium,needs_review,lowercase-entry|previous-line-closed,,
цинкер,approved,pdf_candidate,1462,medium,needs_review,lowercase-entry|previous-line-closed,,
цицеро,approved,pdf_candidate,1464,medium,needs_review,lowercase-entry|previous-line-closed,,
црвати,approved,pdf_candidate,1465,medium,needs_review,lowercase-entry|previous-line-closed,,
црнети,approved,pdf_candidate,1468,medium,needs_review,lowercase-entry|previous-line-closed,,
црника,approved,pdf_candidate,1468,medium,needs_review,lowercase-entry|previous-line-closed,,
црњети,approved,pdf_candidate,1470,medium,needs_review,lowercase-entry|previous-line-closed,,
црпало,approved,pdf_candidate,1470,medium,needs_review,lowercase-entry|previous-line-closed,,
црпсти,approved,pdf_candidate,1470,medium,needs_review,lowercase-entry|previous-line-closed,,
чадити,approved,pdf_candidate,1472,medium,needs_review,lowercase-entry|previous-line-closed,,
чађити,approved,pdf_candidate,1472,medium,needs_review,lowercase-entry|previous-line-closed,,
чаршав,approved,pdf_candidate,1475,medium,needs_review,lowercase-entry|previous-line-closed,,
часком,approved,pdf_candidate,1475,medium,needs_review,lowercase-entry|previous-line-closed,,
чврсто,approved,pdf_candidate,1478,medium,needs_review,lowercase-entry|previous-line-closed,,
челист,approved,pdf_candidate,1479,medium,needs_review,lowercase-entry|previous-line-closed,,
чистка,approved,pdf_candidate,1488,medium,needs_review,lowercase-entry|previous-line-closed,,
џапати,approved,pdf_candidate,1495,medium,needs_review,lowercase-entry|previous-line-closed,,
џезист,approved,pdf_candidate,1495,medium,needs_review,lowercase-entry|previous-line-closed,,
џомбав,approved,pdf_candidate,1497,medium,needs_review,lowercase-entry|previous-line-closed,,
шалица,approved,pdf_candidate,1499,medium,needs_review,lowercase-entry|previous-line-closed,,
шахиња,approved,pdf_candidate,1502,medium,needs_review,lowercase-entry|previous-line-closed,,
шераса,approved,pdf_candidate,134,medium,needs_review,lowercase-entry|previous-line-closed,,
шкргут,approved,pdf_candidate,1514,medium,needs_review,lowercase-entry|previous-line-closed,,
шљокар,approved,pdf_candidate,1516,medium,needs_review,lowercase-entry|previous-line-closed,,
шмекер,approved,pdf_candidate,1517,medium,needs_review,lowercase-entry|previous-line-closed,,
шмокља,approved,pdf_candidate,1517,medium,needs_review,lowercase-entry|previous-line-closed,,
штабац,approved,pdf_candidate,1521,medium,needs_review,lowercase-entry|previous-line-closed,,
штакор,approved,pdf_candidate,1521,medium,needs_review,lowercase-entry|previous-line-closed,,
шутоња,approved,pdf_candidate,1529,medium,needs_review,lowercase-entry|previous-line-closed,,
шуштањ,approved,pdf_candidate,1529,medium,needs_review,lowercase-entry|previous-line-closed,,